Income,People;";"
219.27,1;";"
65.018,1;";"
89.993,1;";"
328.63,1;";"
281.33,1;";"
225.09,1;";"
1250,1;";"
109.55,1;";"
110.47,1;";"
87.816,1;";"
44.681,1;";"
387.97,1;";"
388.59,1;";"
228.58,1;";"
323.1,1;";"
228.24,1;";"
2583.9,1;";"
2609.9,1;";"
305,1;";"
539.13,1;";"
641.87,1;";"
1097.5,1;";"
450.36,1;";"
445.59,1;";"
1895.4,1;";"
1898.7,1;";"
1197.5,1;";"
178.85,1;";"
133.8,1;";"
145.45,1;";"
163.34,1;";"
109.37,1;";"
156.85,1;";"
127.53,1;";"
191.95,1;";"
172.77,1;";"
89.706,1;";"
259.53,1;";"
282.85,1;";"
291.52,1;";"
167.75,1;";"
159.88,1;";"
206.86,1;";"
213.44,1;";"
141.71,1;";"
223.63,1;";"
216.47,1;";"
456.53,1;";"
151.08,1;";"
125.63,1;";"
131.08,1;";"
315.81,1;";"
148.07,1;";"
246.03,1;";"
256.6,1;";"
198.88,1;";"
140.65,1;";"
208.78,1;";"
163.38,1;";"
104.31,1;";"
107.24,1;";"
112.16,1;";"
131.79,1;";"
223.67,1;";"
208.95,1;";"
264.06,1;";"
249.2,1;";"
153.46,1;";"
203.96,1;";"
329.43,1;";"
359.22,1;";"
132.41,1;";"
267.74,1;";"
136.29,1;";"
240.65,1;";"
375.08,1;";"
271.92,1;";"
139.88,1;";"
371.04,1;";"
224.05,1;";"
189.13,1;";"
158.35,1;";"
415.82,1;";"
416.78,1;";"
181.24,1;";"
223.42,1;";"
219.42,1;";"
202.94,1;";"
286.19,1;";"
380.01,1;";"
218.35,1;";"
241.1,1;";"
406.23,1;";"
341.83,1;";"
169.64,1;";"
211.47,1;";"
263.95,1;";"
403.81,1;";"
286.46,1;";"
752.57,1;";"
572.49,1;";"
669.1,1;";"
308.45,1;";"
111.47,1;";"
166.64,1;";"
125,1;";"
134.66,1;";"
162.95,1;";"
102.68,1;";"
34.177,1;";"
176.09,1;";"
148.53,1;";"
180.44,1;";"
235.14,1;";"
119.67,1;";"
242.85,1;";"
270.9,1;";"
118.99,1;";"
72.914,1;";"
199.61,1;";"
353.67,1;";"
228.82,1;";"
109.78,1;";"
266.56,1;";"
228.61,1;";"
594,1;";"
594,1;";"
147.33,1;";"
90.775,1;";"
111.88,1;";"
146.47,1;";"
158.44,1;";"
159.19,1;";"
94.789,1;";"
94.099,1;";"
107.44,1;";"
169.21,1;";"
71.362,1;";"
84.569,1;";"
120.68,1;";"
89.313,1;";"
222.99,1;";"
261.38,1;";"
269,1;";"
269,1;";"
126.12,1;";"
217.1,1;";"
248.2,1;";"
157.01,1;";"
337.52,1;";"
338.96,1;";"
338.36,1;";"
281.96,1;";"
280.98,1;";"
157.55,1;";"
104.75,1;";"
202.12,1;";"
172.1,1;";"
208.83,1;";"
228.67,1;";"
267.42,1;";"
174.39,1;";"
143.11,1;";"
449.87,1;";"
158.88,1;";"
193.4,1;";"
128.09,1;";"
170.74,1;";"
152.14,1;";"
180.81,1;";"
161.96,1;";"
156.97,1;";"
107,1;";"
162.86,1;";"
145.44,1;";"
246.68,1;";"
316.62,1;";"
164.96,1;";"
111.91,1;";"
204.5,1;";"
290.44,1;";"
159.21,1;";"
599.23,1;";"
232.47,1;";"
242.18,1;";"
250.74,1;";"
180.19,1;";"
224.77,1;";"
332.09,1;";"
282.95,1;";"
149.82,1;";"
323.21,1;";"
345.69,1;";"
210.6,1;";"
461.1,1;";"
209.89,1;";"
265.32,1;";"
267.27,1;";"
158.57,1;";"
103.13,1;";"
80.398,1;";"
93.535,1;";"
120.03,1;";"
129.43,1;";"
110.62,1;";"
110.71,1;";"
133.94,1;";"
154.82,1;";"
201.88,1;";"
218.34,1;";"
219.72,1;";"
181.12,1;";"
149.97,1;";"
166.93,1;";"
62.813,1;";"
108.41,1;";"
141.73,1;";"
71.278,1;";"
112.28,1;";"
157.42,1;";"
223.75,1;";"
146.09,1;";"
79.181,1;";"
149.71,1;";"
148.45,1;";"
156.28,1;";"
148.03,1;";"
198.54,1;";"
99.881,1;";"
78.587,1;";"
182.3,1;";"
174.24,1;";"
142.55,1;";"
113,1;";"
168.91,1;";"
137.29,1;";"
87.978,1;";"
177.69,1;";"
187.89,1;";"
224.78,1;";"
128.91,1;";"
209.17,1;";"
210.01,1;";"
171.8,1;";"
173.35,1;";"
181.04,1;";"
186.1,1;";"
168.16,1;";"
168,1;";"
96.043,1;";"
79.431,1;";"
76.711,1;";"
57.513,1;";"
95.026,1;";"
62.466,1;";"
59.045,1;";"
50.409,1;";"
62.87,1;";"
223.6,1;";"
66.956,1;";"
59.404,1;";"
71.493,1;";"
79.39,1;";"
130.52,1;";"
121.03,1;";"
105,1;";"
94.633,1;";"
67.359,1;";"
90.658,1;";"
94.17,1;";"
85.836,1;";"
86.634,1;";"
112.97,1;";"
115.52,1;";"
115.58,1;";"
108.44,1;";"
118.75,1;";"
98.154,1;";"
98.203,1;";"
105.56,1;";"
100.78,1;";"
147.02,1;";"
112.91,1;";"
70.5,1;";"
99.113,1;";"
84.088,1;";"
87.545,1;";"
65.282,1;";"
177.01,1;";"
163.36,1;";"
94.529,1;";"
204.36,1;";"
156.13,1;";"
134.2,1;";"
87.457,1;";"
149.52,1;";"
147.66,1;";"
101.29,1;";"
172.2,1;";"
72.669,1;";"
95.118,1;";"
158.43,1;";"
84.259,1;";"
78.057,1;";"
127.28,1;";"
122.74,1;";"
141.58,1;";"
86.081,1;";"
69.968,1;";"
119.52,1;";"
107.12,1;";"
163.19,1;";"
175.85,1;";"
145,1;";"
19.151,1;";"
114.85,1;";"
109.88,1;";"
109.97,1;";"
112.42,1;";"
147.13,1;";"
268.25,1;";"
246.41,1;";"
134.81,1;";"
95.888,1;";"
115.38,1;";"
129.39,1;";"
180.06,1;";"
93.238,1;";"
157.72,1;";"
162.1,1;";"
127.44,1;";"
133.23,1;";"
166.32,1;";"
165.34,1;";"
274.99,1;";"
157.57,1;";"
266.5,1;";"
268.85,1;";"
188.67,1;";"
134.93,1;";"
133.59,1;";"
138.73,1;";"
213.13,1;";"
212.06,1;";"
162.01,1;";"
129.83,1;";"
131.3,1;";"
205.93,1;";"
204.46,1;";"
219.94,1;";"
220.17,1;";"
151.92,1;";"
151.2,1;";"
78.36,1;";"
44.991,1;";"
46.313,1;";"
40.993,1;";"
60.55,1;";"
44.263,1;";"
95.141,1;";"
80.082,1;";"
74.821,1;";"
62.988,1;";"
82.081,1;";"
122.49,1;";"
37.789,1;";"
69.32,1;";"
37.617,1;";"
52.889,1;";"
59.563,1;";"
69.581,1;";"
116.51,1;";"
86.938,1;";"
118.4,1;";"
105.31,1;";"
123.58,1;";"
121.49,1;";"
35.377,1;";"
154.06,1;";"
40.439,1;";"
98.837,1;";"
80.914,1;";"
46.225,1;";"
86.077,1;";"
103.8,1;";"
66.94,1;";"
36.655,1;";"
74.031,1;";"
82.895,1;";"
119.13,1;";"
141.91,1;";"
77.672,1;";"
33.664,1;";"
67.132,1;";"
81.705,1;";"
94.877,1;";"
68.086,1;";"
120.86,1;";"
39.428,1;";"
95.506,1;";"
46.302,1;";"
16.296,1;";"
82.708,1;";"
100.48,1;";"
54.131,1;";"
60.697,1;";"
131.2,1;";"
120,1;";"
67.486,1;";"
90.718,1;";"
77.35,1;";"
94.869,1;";"
90,1;";"
136.14,1;";"
89.7,1;";"
155.05,1;";"
92.136,1;";"
90.056,1;";"
129.29,1;";"
94.011,1;";"
111.84,1;";"
125.17,1;";"
84.283,1;";"
133,1;";"
100.04,1;";"
100.71,1;";"
91.803,1;";"
104.93,1;";"
133.9,1;";"
93.62,1;";"
130.3,1;";"
92.448,1;";"
92.198,1;";"
81.227,1;";"
83.239,1;";"
120.16,1;";"
138.38,1;";"
67.32,1;";"
147.96,1;";"
164,1;";"
118.51,1;";"
105.86,1;";"
149.5,1;";"
105.32,1;";"
125.56,1;";"
120.52,1;";"
134.8,1;";"
82.039,1;";"
110.3,1;";"
113.93,1;";"
103.86,1;";"
74.372,1;";"
92.666,1;";"
90.322,1;";"
92.554,1;";"
131.41,1;";"
89.933,1;";"
112.63,1;";"
103.44,1;";"
99.109,1;";"
99.337,1;";"
134.59,1;";"
131.56,1;";"
125.41,1;";"
125.41,1;";"
59.901,1;";"
74.565,1;";"
104.21,1;";"
138.41,1;";"
73.417,1;";"
119.03,1;";"
75.215,1;";"
95.835,1;";"
89.28,1;";"
119.39,1;";"
72.538,1;";"
99.862,1;";"
102.05,1;";"
105.51,1;";"
114.03,1;";"
104.52,1;";"
113.54,1;";"
45.582,1;";"
89.583,1;";"
69.812,1;";"
69.594,1;";"
82.705,1;";"
137.78,1;";"
119.81,1;";"
128.16,1;";"
104.34,1;";"
208.87,1;";"
210.01,1;";"
158.42,1;";"
161.5,1;";"
55.898,1;";"
100.84,1;";"
137.51,1;";"
137.51,1;";"
92.888,1;";"
64.808,1;";"
85.54,1;";"
143.15,1;";"
108.44,1;";"
66.904,1;";"
97.264,1;";"
137.78,1;";"
140.15,1;";"
97.228,1;";"
74.962,1;";"
49.565,1;";"
62.693,1;";"
100.71,1;";"
95.295,1;";"
114.25,1;";"
116.45,1;";"
145.13,1;";"
119,1;";"
79.648,1;";"
93.408,1;";"
57.677,1;";"
126.55,1;";"
92.166,1;";"
83.831,1;";"
96.153,1;";"
132.56,1;";"
110.02,1;";"
56.21,1;";"
83.869,1;";"
85.492,1;";"
50.049,1;";"
60.325,1;";"
61.88,1;";"
157.7,1;";"
98.43,1;";"
66.89,1;";"
105.12,1;";"
89.77,1;";"
84.802,1;";"
67.366,1;";"
101.09,1;";"
78.733,1;";"
140.8,1;";"
135.93,1;";"
94.206,1;";"
100.58,1;";"
171.69,1;";"
101.94,1;";"
97.51,1;";"
93.448,1;";"
90,1;";"
65.678,1;";"
48.214,1;";"
62.416,1;";"
129.39,1;";"
104.37,1;";"
102.76,1;";"
73.297,1;";"
78.444,1;";"
56.304,1;";"
97.672,1;";"
98.149,1;";"
96.393,1;";"
100.13,1;";"
97.106,1;";"
135.71,1;";"
132.1,1;";"
104.88,1;";"
148,1;";"
109.48,1;";"
162.4,1;";"
135.7,1;";"
102.24,1;";"
75.515,1;";"
106.26,1;";"
82.3,1;";"
77.127,1;";"
175.74,1;";"
48.86,1;";"
66.563,1;";"
75.463,1;";"
138.45,1;";"
116.61,1;";"
135.34,1;";"
95.484,1;";"
72.687,1;";"
99.547,1;";"
91.991,1;";"
57.657,1;";"
68.915,1;";"
75.38,1;";"
52.381,1;";"
119.66,1;";"
161.65,1;";"
122.34,1;";"
58.729,1;";"
75.191,1;";"
74.777,1;";"
44.171,1;";"
117.41,1;";"
80.454,1;";"
64.233,1;";"
94.653,1;";"
12.533,1;";"
138.46,1;";"
137.15,1;";"
53.959,1;";"
12.533,1;";"
117.35,1;";"
227.36,1;";"
138.37,1;";"
73.082,1;";"
118.62,1;";"
108.55,1;";"
108.04,1;";"
140.16,1;";"
220.07,1;";"
211.39,1;";"
79.264,1;";"
75.317,1;";"
78.15,1;";"
124.6,1;";"
108.99,1;";"
72.736,1;";"
85.386,1;";"
87.48,1;";"
66.013,1;";"
81.653,1;";"
87.076,1;";"
100.74,1;";"
178.03,1;";"
68.777,1;";"
59.684,1;";"
90.841,1;";"
92.705,1;";"
105.99,1;";"
99.017,1;";"
73.781,1;";"
88.385,1;";"
99.719,1;";"
121.03,1;";"
139.76,1;";"
128.49,1;";"
74.8,1;";"
56.282,1;";"
67.784,1;";"
72.156,1;";"
48.425,1;";"
88.475,1;";"
120,1;";"
64.529,1;";"
51.269,1;";"
46.609,1;";"
100.98,1;";"
50.619,1;";"
162.93,1;";"
66.211,1;";"
137.12,1;";"
79.633,1;";"
114.54,1;";"
141.58,1;";"
83.386,1;";"
122.82,1;";"
122.07,1;";"
110.42,1;";"
120.9,1;";"
132.23,1;";"
99.306,1;";"
52.607,1;";"
162.39,1;";"
122.7,1;";"
175.94,1;";"
92.528,1;";"
186.69,1;";"
133.49,1;";"
148.73,1;";"
47.986,1;";"
49.175,1;";"
78.478,1;";"
92.687,1;";"
109.92,1;";"
93.606,1;";"
78.789,1;";"
103.57,1;";"
74.915,1;";"
135.46,1;";"
114.43,1;";"
108.51,1;";"
90,1;";"
87.869,1;";"
119.43,1;";"
132.43,1;";"
82.378,1;";"
100.81,1;";"
108.29,1;";"
128.94,1;";"
94.401,1;";"
124.77,1;";"
139.3,1;";"
124.76,1;";"
142.99,1;";"
135.71,1;";"
133.64,1;";"
145.44,1;";"
121.45,1;";"
134.98,1;";"
76.702,1;";"
134.71,1;";"
83.463,1;";"
57.326,1;";"
126.84,1;";"
132.43,1;";"
132.43,1;";"
117.18,1;";"
73.366,1;";"
111.27,1;";"
66.18,1;";"
122.39,1;";"
105.22,1;";"
109.13,1;";"
167.65,1;";"
73.435,1;";"
158.9,1;";"
174.25,1;";"
129.27,1;";"
167.35,1;";"
97.892,1;";"
170.68,1;";"
168.76,1;";"
88.194,1;";"
112.36,1;";"
100.54,1;";"
100.66,1;";"
103.13,1;";"
141.67,1;";"
157.05,1;";"
112.93,1;";"
145.68,1;";"
93.952,1;";"
125.84,1;";"
64.643,1;";"
90.085,1;";"
109.83,1;";"
99.572,1;";"
34.761,1;";"
55.762,1;";"
102.47,1;";"
112.53,1;";"
144.75,1;";"
69.879,1;";"
116.29,1;";"
76.143,1;";"
86.366,1;";"
129,1;";"
111.81,1;";"
97.233,1;";"
97.408,1;";"
73.404,1;";"
48.004,1;";"
91.803,1;";"
45.521,1;";"
135.25,1;";"
138.53,1;";"
124.7,1;";"
88.693,1;";"
122.94,1;";"
129.49,1;";"
98.323,1;";"
135.3,1;";"
134.8,1;";"
114.34,1;";"
161.1,1;";"
93.283,1;";"
97.034,1;";"
138.08,1;";"
123.43,1;";"
122.49,1;";"
113.17,1;";"
69.476,1;";"
76.008,1;";"
70.656,1;";"
90,1;";"
90.311,1;";"
56.933,1;";"
122.61,1;";"
98.838,1;";"
65.709,1;";"
66.218,1;";"
73.281,1;";"
43.706,1;";"
25.609,1;";"
90.804,1;";"
94.723,1;";"
194.44,1;";"
194.36,1;";"
81.505,1;";"
73.657,1;";"
98.381,1;";"
104.83,1;";"
115.6,1;";"
141.83,1;";"
52.302,1;";"
57.227,1;";"
108.13,1;";"
56.491,1;";"
52.398,1;";"
32.903,1;";"
31.219,1;";"
64.141,1;";"
49.952,1;";"
51.545,1;";"
122.52,1;";"
97.896,1;";"
75.143,1;";"
102.08,1;";"
107.8,1;";"
106.61,1;";"
102.99,1;";"
86.082,1;";"
58.658,1;";"
143.96,1;";"
104.97,1;";"
54.585,1;";"
61.602,1;";"
88.835,1;";"
92.441,1;";"
54.867,1;";"
86.335,1;";"
71.264,1;";"
327.92,1;";"
168.02,1;";"
121.48,1;";"
81.716,1;";"
67.059,1;";"
54.884,1;";"
74.548,1;";"
99.035,1;";"
66.614,1;";"
89.147,1;";"
152.59,1;";"
94.954,1;";"
158.51,1;";"
335.31,1;";"
280.56,1;";"
179.92,1;";"
27.634,1;";"
68.839,1;";"
60.13,1;";"
23.309,1;";"
80.079,1;";"
114.24,1;";"
100.9,1;";"
92.066,1;";"
137.83,1;";"
88.67,1;";"
96.149,1;";"
174.2,1;";"
88.115,1;";"
75.447,1;";"
75.551,1;";"
89.726,1;";"
91.723,1;";"
67.043,1;";"
116.34,1;";"
91.48,1;";"
69.252,1;";"
89.712,1;";"
74.491,1;";"
69.786,1;";"
54.456,1;";"
47.956,1;";"
94.874,1;";"
73.896,1;";"
81.977,1;";"
56.58,1;";"
31.183,1;";"
77.517,1;";"
60.809,1;";"
47.305,1;";"
47.305,1;";"
54.2,1;";"
64.747,1;";"
72.651,1;";"
39.96,1;";"
45.926,1;";"
49.159,1;";"
101.12,1;";"
172.42,1;";"
86.849,1;";"
90.51,1;";"
76.328,1;";"
103.41,1;";"
73.527,1;";"
82.784,1;";"
103.91,1;";"
95.087,1;";"
110.08,1;";"
123.53,1;";"
102.31,1;";"
77.909,1;";"
60.121,1;";"
111.71,1;";"
96.764,1;";"
52.362,1;";"
37.007,1;";"
116.59,1;";"
52.601,1;";"
36.555,1;";"
49.127,1;";"
112.63,1;";"
119.27,1;";"
114.46,1;";"
17.359,1;";"
88.51,1;";"
50.688,1;";"
73.223,1;";"
14.724,1;";"
37.142,1;";"
78.053,1;";"
66.432,1;";"
74.678,1;";"
49.701,1;";"
89.421,1;";"
55.335,1;";"
45.913,1;";"
79.136,1;";"
122.69,1;";"
101.15,1;";"
98.136,1;";"
74.116,1;";"
57.163,1;";"
103.46,1;";"
127.66,1;";"
131.63,1;";"
78.411,1;";"
72.652,1;";"
66.581,1;";"
52.584,1;";"
77.125,1;";"
119.18,1;";"
43.85,1;";"
98.08,1;";"
73.104,1;";"
58.536,1;";"
118.15,1;";"
76.507,1;";"
78.616,1;";"
47.608,1;";"
73.638,1;";"
67.733,1;";"
41.592,1;";"
37.625,1;";"
70.436,1;";"
151.66,1;";"
81.073,1;";"
140.32,1;";"
86.272,1;";"
158.03,1;";"
85.287,1;";"
62.885,1;";"
88.44,1;";"
39.077,1;";"
62.083,1;";"
68.489,1;";"
153.48,1;";"
81.211,1;";"
59.92,1;";"
102.95,1;";"
110.52,1;";"
176.59,1;";"
158.54,1;";"
93.08,1;";"
103.47,1;";"
58.747,1;";"
96.095,1;";"
129.14,1;";"
50.351,1;";"
70.312,1;";"
63.52,1;";"
91.103,1;";"
112.95,1;";"
92.756,1;";"
43.967,1;";"
64.621,1;";"
114.29,1;";"
58.053,1;";"
88.744,1;";"
56.519,1;";"
100.34,1;";"
65.489,1;";"
132.87,1;";"
85.098,1;";"
42.632,1;";"
50.021,1;";"
109.85,1;";"
111.2,1;";"
89.446,1;";"
63.267,1;";"
47.477,1;";"
87.876,1;";"
102.79,1;";"
52.563,1;";"
63.282,1;";"
78.581,1;";"
82.393,1;";"
56.61,1;";"
145,1;";"
109.49,1;";"
123.24,1;";"
71.599,1;";"
47.132,1;";"
39.06,1;";"
52.217,1;";"
39.841,1;";"
87.878,1;";"
67.424,1;";"
58.12,1;";"
59.45,1;";"
100.42,1;";"
206.12,1;";"
64.149,1;";"
114.08,1;";"
70.744,1;";"
74.424,1;";"
44.572,1;";"
47.606,1;";"
43.127,1;";"
98.773,1;";"
68.017,1;";"
82.256,1;";"
96.103,1;";"
82.957,1;";"
75.465,1;";"
88.532,1;";"
100.03,1;";"
73.753,1;";"
37.03,1;";"
45.932,1;";"
40.007,1;";"
54.991,1;";"
42.891,1;";"
50.319,1;";"
48.633,1;";"
34.108,1;";"
88.357,1;";"
98.909,1;";"
58.606,1;";"
50.485,1;";"
36.309,1;";"
42.621,1;";"
72.253,1;";"
89.151,1;";"
34.677,1;";"
31.237,1;";"
43.548,1;";"
59.784,1;";"
60.323,1;";"
71.163,1;";"
39.352,1;";"
55.734,1;";"
88.727,1;";"
19.576,1;";"
50.187,1;";"
61.719,1;";"
98.196,1;";"
105.34,1;";"
96.773,1;";"
57.809,1;";"
107.16,1;";"
86.528,1;";"
70.697,1;";"
59.367,1;";"
141.26,1;";"
41.015,1;";"
30.004,1;";"
71.329,1;";"
90.587,1;";"
98.942,1;";"
115.76,1;";"
96.514,1;";"
108.64,1;";"
60.011,1;";"
124.7,1;";"
101.48,1;";"
127.65,1;";"
29.586,1;";"
88.74,1;";"
95.009,1;";"
29,1;";"
118.5,1;";"
111.75,1;";"
77.508,1;";"
60.106,1;";"
76.035,1;";"
55.798,1;";"
90.418,1;";"
87.825,1;";"
86.082,1;";"
86.986,1;";"
102.54,1;";"
90.259,1;";"
80.722,1;";"
70.569,1;";"
143.1,1;";"
88.66,1;";"
67.911,1;";"
63.814,1;";"
86.649,1;";"
88.732,1;";"
86.641,1;";"
87.74,1;";"
67.833,1;";"
79.65,1;";"
81.11,1;";"
62.156,1;";"
61.254,1;";"
90,1;";"
67.616,1;";"
72.63,1;";"
90,1;";"
114,1;";"
97.516,1;";"
99.798,1;";"
95.666,1;";"
78.426,1;";"
159.74,1;";"
97.258,1;";"
37.104,1;";"
116.57,1;";"
78.962,1;";"
83.866,1;";"
140,1;";"
90.571,1;";"
55.513,1;";"
59.523,1;";"
83.068,1;";"
143.55,1;";"
162.7,1;";"
43.611,1;";"
47.296,1;";"
24.15,1;";"
53.734,1;";"
57.784,1;";"
60.603,1;";"
68.556,1;";"
69.861,1;";"
83.494,1;";"
62.18,1;";"
83.519,1;";"
89.262,1;";"
65.28,1;";"
88.435,1;";"
73.263,1;";"
115,1;";"
66.019,1;";"
78.119,1;";"
88.424,1;";"
146.88,1;";"
122.35,1;";"
60.16,1;";"
78.981,1;";"
76.073,1;";"
114.5,1;";"
114.34,1;";"
121.11,1;";"
144.58,1;";"
101.94,1;";"
65.783,1;";"
60.048,1;";"
52.148,1;";"
92.093,1;";"
140,1;";"
60.914,1;";"
46.333,1;";"
64.491,1;";"
50.425,1;";"
45.837,1;";"
61.363,1;";"
59.608,1;";"
168.82,1;";"
85.718,1;";"
76.568,1;";"
43.433,1;";"
88.661,1;";"
82.708,1;";"
47.171,1;";"
77.005,1;";"
74.992,1;";"
71.891,1;";"
90,1;";"
93.013,1;";"
90.92,1;";"
89.869,1;";"
26.99,1;";"
53.736,1;";"
54.256,1;";"
59.315,1;";"
56.66,1;";"
54.187,1;";"
69.663,1;";"
84.668,1;";"
157.18,1;";"
74.924,1;";"
122.01,1;";"
68.329,1;";"
99.487,1;";"
41.818,1;";"
87.741,1;";"
63.786,1;";"
112.58,1;";"
50.095,1;";"
71.296,1;";"
124.09,1;";"
139.96,1;";"
79.461,1;";"
96.946,1;";"
137.28,1;";"
141.67,1;";"
100.39,1;";"
108.36,1;";"
43.04,1;";"
90.209,1;";"
105.75,1;";"
120.29,1;";"
101.91,1;";"
51.945,1;";"
114,1;";"
114,1;";"
116.93,1;";"
84.424,1;";"
69.582,1;";"
87.391,1;";"
100.79,1;";"
83.13,1;";"
72.601,1;";"
56.073,1;";"
99.416,1;";"
41.897,1;";"
43.008,1;";"
51.541,1;";"
81.955,1;";"
88.597,1;";"
64.484,1;";"
49.913,1;";"
43.08,1;";"
69.168,1;";"
55.856,1;";"
72.745,1;";"
90.786,1;";"
68.342,1;";"
74.473,1;";"
121.5,1;";"
100.28,1;";"
31.094,1;";"
101.35,1;";"
53.537,1;";"
32.247,1;";"
74.433,1;";"
116.97,1;";"
103.58,1;";"
114,1;";"
63.73,1;";"
46.496,1;";"
62.877,1;";"
51.025,1;";"
83.096,1;";"
144.37,1;";"
121.23,1;";"
78.286,1;";"
99.211,1;";"
34.923,1;";"
108.74,1;";"
49.309,1;";"
59.437,1;";"
69.783,1;";"
56.171,1;";"
92.488,1;";"
101.59,1;";"
64.402,1;";"
117.67,1;";"
88.934,1;";"
116.09,1;";"
60.309,1;";"
55.534,1;";"
58.812,1;";"
56.461,1;";"
76.341,1;";"
150.83,1;";"
60.279,1;";"
89.016,1;";"
90.901,1;";"
93.321,1;";"
85.038,1;";"
120.29,1;";"
141,1;";"
80.602,1;";"
113.65,1;";"
66.149,1;";"
56.552,1;";"
83.125,1;";"
82.15,1;";"
85.624,1;";"
83.708,1;";"
119.58,1;";"
116.58,1;";"
75.154,1;";"
86.297,1;";"
101.87,1;";"
108.13,1;";"
89.665,1;";"
63.677,1;";"
80.178,1;";"
93.017,1;";"
59.277,1;";"
85.328,1;";"
118.43,1;";"
82.911,1;";"
88.925,1;";"
61.836,1;";"
46.332,1;";"
142.51,1;";"
50.117,1;";"
240.53,1;";"
70.775,1;";"
77.65,1;";"
112.54,1;";"
31.968,1;";"
100.83,1;";"
74.75,1;";"
65.154,1;";"
68.808,1;";"
115.34,1;";"
44.089,1;";"
106.92,1;";"
77.928,1;";"
81.124,1;";"
55.588,1;";"
57,1;";"
58.423,1;";"
71.999,1;";"
69.717,1;";"
91.489,1;";"
73.911,1;";"
81.373,1;";"
90.753,1;";"
58.206,1;";"
138.66,1;";"
114,1;";"
72.506,1;";"
70.086,1;";"
123.86,1;";"
67.767,1;";"
59.428,1;";"
52.485,1;";"
140,1;";"
114,1;";"
70.704,1;";"
73.935,1;";"
78.641,1;";"
140,1;";"
77.855,1;";"
100.07,1;";"
89.247,1;";"
78.781,1;";"
77.054,1;";"
116.43,1;";"
53.897,1;";"
53.716,1;";"
86.067,1;";"
51.614,1;";"
63.003,1;";"
144.77,1;";"
143.02,1;";"
96.608,1;";"
83.625,1;";"
114,1;";"
70.608,1;";"
75.954,1;";"
34.353,1;";"
140.42,1;";"
173.41,1;";"
57.139,1;";"
94.86,1;";"
140,1;";"
179.96,1;";"
77.243,1;";"
108.28,1;";"
48.858,1;";"
58.506,1;";"
57,1;";"
116.57,1;";"
118.49,1;";"
91.571,1;";"
122.51,1;";"
140,1;";"
119.02,1;";"
66.689,1;";"
77.205,1;";"
84.871,1;";"
117.74,1;";"
90.837,1;";"
128.49,1;";"
83.162,1;";"
76.883,1;";"
77.093,1;";"
91.593,1;";"
73.258,1;";"
77.093,1;";"
138.49,1;";"
119.39,1;";"
89.582,1;";"
89.163,1;";"
60.611,1;";"
55.987,1;";"
140,1;";"
75.724,1;";"
40.645,1;";"
55.954,1;";"
107.67,1;";"
142.33,1;";"
88.659,1;";"
66.279,1;";"
76.297,1;";"
120,1;";"
138.91,1;";"
84.702,1;";"
92.359,1;";"
141.09,1;";"
70.152,1;";"
115.51,1;";"
114,1;";"
54.413,1;";"
80.014,1;";"
73.791,1;";"
119.67,1;";"
46.534,1;";"
100.5,1;";"
128.86,1;";"
89.414,1;";"
104.06,1;";"
149.3,1;";"
140.36,1;";"
69.127,1;";"
81.144,1;";"
85.865,1;";"
71.87,1;";"
70.385,1;";"
84.974,1;";"
87.346,1;";"
60.696,1;";"
78.74,1;";"
120.59,1;";"
41.739,1;";"
44.045,1;";"
86.652,1;";"
48.076,1;";"
65.828,1;";"
140,1;";"
109.19,1;";"
75.03,1;";"
57.619,1;";"
85.595,1;";"
75.236,1;";"
106.82,1;";"
135.34,1;";"
91.256,1;";"
129.38,1;";"
142.26,1;";"
94.541,1;";"
130.32,1;";"
78.303,1;";"
140,1;";"
145.02,1;";"
39.688,1;";"
55.972,1;";"
68.2,1;";"
90,1;";"
77.725,1;";"
78.278,1;";"
140,1;";"
58.691,1;";"
137.49,1;";"
62.674,1;";"
142.94,1;";"
90.023,1;";"
116.09,1;";"
153.83,1;";"
92.343,1;";"
80.6,1;";"
49.599,1;";"
32.898,1;";"
186.3,1;";"
111.98,1;";"
138.41,1;";"
157.23,1;";"
70.287,1;";"
102.29,1;";"
114.92,1;";"
85.595,1;";"
81.36,1;";"
87.385,1;";"
110.15,1;";"
86.743,1;";"
144.94,1;";"
78.705,1;";"
97.536,1;";"
102.49,1;";"
122.42,1;";"
95.277,1;";"
63.968,1;";"
78.82,1;";"
140.34,1;";"
140.59,1;";"
66.332,1;";"
89.816,1;";"
81.316,1;";"
73.129,1;";"
84.215,1;";"
72.327,1;";"
106.72,1;";"
81.895,1;";"
67.226,1;";"
69.321,1;";"
88.577,1;";"
94.055,1;";"
93.057,1;";"
88.326,1;";"
161.82,1;";"
88.891,1;";"
62.146,1;";"
58.854,1;";"
140,1;";"
144.19,1;";"
61.117,1;";"
56.454,1;";"
142.68,1;";"
53.153,1;";"
127.15,1;";"
132.24,1;";"
115.63,1;";"
136.45,1;";"
64.043,1;";"
85.568,1;";"
76.033,1;";"
139.41,1;";"
73.049,1;";"
69.641,1;";"
117.23,1;";"
55.643,1;";"
105.07,1;";"
72.743,1;";"
81.283,1;";"
93.808,1;";"
94.875,1;";"
80.417,1;";"
91.005,1;";"
120,1;";"
63.952,1;";"
71.474,1;";"
82.859,1;";"
89.36,1;";"
140,1;";"
87.165,1;";"
58.493,1;";"
146.88,1;";"
123.23,1;";"
113.15,1;";"
118.32,1;";"
58.221,1;";"
63.779,1;";"
63.143,1;";"
65.365,1;";"
98.995,1;";"
77.214,1;";"
86.261,1;";"
140.59,1;";"
77.172,1;";"
137.49,1;";"
91.004,1;";"
96.155,1;";"
89.043,1;";"
97.736,1;";"
84.663,1;";"
72.905,1;";"
141.26,1;";"
133.04,1;";"
96.4,1;";"
107.24,1;";"
140.02,1;";"
93.881,1;";"
90,1;";"
97.113,1;";"
99.623,1;";"
98.805,1;";"
90.265,1;";"
45.342,1;";"
160.13,1;";"
146.73,1;";"
108.89,1;";"
67.105,1;";"
62.377,1;";"
145.2,1;";"
81.191,1;";"
78.376,1;";"
84.757,1;";"
55.145,1;";"
123.53,1;";"
85.229,1;";"
120,1;";"
55.573,1;";"
37.486,1;";"
56.999,1;";"
21.092,1;";"
91.759,1;";"
94.496,1;";"
118.97,1;";"
54.435,1;";"
91.622,1;";"
119.31,1;";"
59.776,1;";"
59.05,1;";"
31.094,1;";"
32.525,1;";"
34.582,1;";"
17.325,1;";"
26.826,1;";"
78.475,1;";"
83.951,1;";"
62.792,1;";"
72.661,1;";"
62.821,1;";"
57,1;";"
58.171,1;";"
91.725,1;";"
104.28,1;";"
19,1;";"
86.442,1;";"
76.164,1;";"
83.522,1;";"
14.816,1;";"
43.996,1;";"
127.78,1;";"
109.06,1;";"
103.87,1;";"
80.456,1;";"
89.749,1;";"
113.16,1;";"
28.32,1;";"
71.117,1;";"
67.424,1;";"
71.098,1;";"
74.092,1;";"
99.139,1;";"
25.142,1;";"
74.179,1;";"
133.58,1;";"
44.641,1;";"
116.5,1;";"
41.016,1;";"
134.37,1;";"
214.42,1;";"
94.449,1;";"
89.71,1;";"
103.59,1;";"
59.68,1;";"
58.088,1;";"
80.303,1;";"
45.777,1;";"
69.233,1;";"
30.218,1;";"
42.32,1;";"
72.455,1;";"
110.8,1;";"
108.94,1;";"
135.05,1;";"
114.67,1;";"
78.583,1;";"
49.298,1;";"
205.23,1;";"
35.394,1;";"
24.209,1;";"
221.3,1;";"
115.98,1;";"
30.558,1;";"
61.685,1;";"
107.42,1;";"
49.478,1;";"
31.105,1;";"
47.277,1;";"
95.919,1;";"
229.34,1;";"
229,1;";"
229,1;";"
68.154,1;";"
78.877,1;";"
108.09,1;";"
121.67,1;";"
80.429,1;";"
85.43,1;";"
85.101,1;";"
120,1;";"
67.611,1;";"
57.521,1;";"
59.309,1;";"
117.14,1;";"
137.78,1;";"
107.29,1;";"
109.38,1;";"
94.6,1;";"
112.33,1;";"
68.875,1;";"
93.108,1;";"
99.222,1;";"
89.978,1;";"
92.222,1;";"
88.929,1;";"
106.02,1;";"
104.4,1;";"
73.385,1;";"
98.579,1;";"
122.78,1;";"
84.741,1;";"
92.562,1;";"
78.331,1;";"
70.43,1;";"
61.632,1;";"
50.85,1;";"
57.524,1;";"
86.161,1;";"
79.393,1;";"
52.329,1;";"
65.197,1;";"
77.11,1;";"
43.047,1;";"
58.324,1;";"
63.884,1;";"
72.301,1;";"
57.566,1;";"
79.125,1;";"
81.049,1;";"
58.841,1;";"
101.57,1;";"
75.166,1;";"
61.526,1;";"
67.457,1;";"
61.015,1;";"
71.268,1;";"
55.484,1;";"
126.63,1;";"
125.73,1;";"
67.008,1;";"
56.264,1;";"
58.609,1;";"
91.748,1;";"
59.736,1;";"
54.062,1;";"
106.16,1;";"
155.95,1;";"
85.918,1;";"
78.722,1;";"
65.088,1;";"
73.072,1;";"
88.197,1;";"
68.693,1;";"
105.56,1;";"
105.68,1;";"
122.31,1;";"
78.659,1;";"
127.99,1;";"
68.002,1;";"
80.419,1;";"
123.95,1;";"
135.92,1;";"
131.76,1;";"
137.48,1;";"
75.069,1;";"
71.856,1;";"
64.366,1;";"
98.807,1;";"
100.71,1;";"
74.248,1;";"
63.395,1;";"
49.089,1;";"
77.873,1;";"
66.828,1;";"
89.263,1;";"
82.941,1;";"
95.045,1;";"
118.97,1;";"
79.99,1;";"
84.105,1;";"
122.69,1;";"
93.358,1;";"
140,1;";"
86.65,1;";"
90,1;";"
54.854,1;";"
120.01,1;";"
70.108,1;";"
40.207,1;";"
62.166,1;";"
35.464,1;";"
40.624,1;";"
91.088,1;";"
87.381,1;";"
57.97,1;";"
62.021,1;";"
75.136,1;";"
77,1;";"
62.021,1;";"
62.021,1;";"
57.502,1;";"
72.096,1;";"
81.891,1;";"
79.182,1;";"
31.402,1;";"
32.209,1;";"
98.917,1;";"
71.513,1;";"
40.643,1;";"
54.492,1;";"
88.022,1;";"
112.49,1;";"
64.322,1;";"
80.024,1;";"
54.488,1;";"
91.513,1;";"
82.526,1;";"
67.789,1;";"
79.38,1;";"
123.87,1;";"
41.006,1;";"
67.479,1;";"
35.462,1;";"
38.269,1;";"
81.601,1;";"
143.81,1;";"
93.685,1;";"
60.61,1;";"
141,1;";"
67.886,1;";"
140,1;";"
46.404,1;";"
60.452,1;";"
55.904,1;";"
90,1;";"
134.47,1;";"
140,1;";"
55.112,1;";"
77.213,1;";"
57.813,1;";"
140.59,1;";"
85.801,1;";"
29,1;";"
85.293,1;";"
78.102,1;";"
122.26,1;";"
91.207,1;";"
144.47,1;";"
138.49,1;";"
138.07,1;";"
107.91,1;";"
70.926,1;";"
75.274,1;";"
90,1;";"
81.289,1;";"
92.965,1;";"
140,1;";"
45.304,1;";"
56.287,1;";"
69.202,1;";"
114,1;";"
114,1;";"
114,1;";"
119.86,1;";"
109.64,1;";"
91.528,1;";"
90,1;";"
63.246,1;";"
102.65,1;";"
105.94,1;";"
114.98,1;";"
120.92,1;";"
82.754,1;";"
74.027,1;";"
153.29,1;";"
139.63,1;";"
65.339,1;";"
85.58,1;";"
71.56,1;";"
65.632,1;";"
52.176,1;";"
84.173,1;";"
115.12,1;";"
106.55,1;";"
106.99,1;";"
84.563,1;";"
90,1;";"
44.639,1;";"
62.546,1;";"
84.364,1;";"
115.94,1;";"
89.277,1;";"
141.67,1;";"
55.745,1;";"
33.769,1;";"
86.922,1;";"
105.43,1;";"
116.51,1;";"
114,1;";"
119.43,1;";"
143.35,1;";"
141.67,1;";"
114.42,1;";"
66.588,1;";"
48.85,1;";"
123.56,1;";"
62.113,1;";"
96.089,1;";"
140.17,1;";"
138.74,1;";"
84.613,1;";"
80.974,1;";"
140.25,1;";"
140,1;";"
142.26,1;";"
109.98,1;";"
61.1,1;";"
138.49,1;";"
138.24,1;";"
92.332,1;";"
85.516,1;";"
91.399,1;";"
114.42,1;";"
117.35,1;";"
114.84,1;";"
114,1;";"
120.28,1;";"
114,1;";"
114,1;";"
114.17,1;";"
114,1;";"
114,1;";"
114,1;";"
60.567,1;";"
75.263,1;";"
118.69,1;";"
65.787,1;";"
89.631,1;";"
80.67,1;";"
70.202,1;";"
60.936,1;";"
71.608,1;";"
67.124,1;";"
85.251,1;";"
49.107,1;";"
46.82,1;";"
64.67,1;";"
82.442,1;";"
59.167,1;";"
77.584,1;";"
117.62,1;";"
85.46,1;";"
120,1;";"
113.4,1;";"
130.17,1;";"
99.338,1;";"
76.796,1;";"
61.164,1;";"
123.73,1;";"
116.14,1;";"
115.34,1;";"
78.622,1;";"
112.59,1;";"
95.972,1;";"
115.72,1;";"
49.672,1;";"
108.87,1;";"
111.98,1;";"
121.5,1;";"
7.419,1;";"
76.711,1;";"
62.611,1;";"
98.07,1;";"
83.896,1;";"
45.904,1;";"
82.474,1;";"
123.41,1;";"
110.99,1;";"
125.23,1;";"
125.49,1;";"
58.798,1;";"
81.434,1;";"
61.031,1;";"
39.457,1;";"
61.409,1;";"
46.429,1;";"
82.767,1;";"
99.765,1;";"
127.29,1;";"
80.709,1;";"
95.005,1;";"
98.655,1;";"
71.695,1;";"
85.72,1;";"
78.293,1;";"
86.226,1;";"
69.139,1;";"
67.387,1;";"
118.04,1;";"
105.8,1;";"
113.74,1;";"
125.2,1;";"
190.43,1;";"
56.183,1;";"
69.324,1;";"
81.006,1;";"
97.064,1;";"
69.482,1;";"
83.812,1;";"
77.301,1;";"
64.916,1;";"
69.232,1;";"
53.482,1;";"
89.566,1;";"
77.103,1;";"
56.279,1;";"
77.399,1;";"
126.69,1;";"
110.27,1;";"
119.05,1;";"
123.94,1;";"
134.72,1;";"
65.597,1;";"
78.785,1;";"
53.42,1;";"
57.39,1;";"
69.374,1;";"
59.421,1;";"
132.42,1;";"
107.51,1;";"
106.19,1;";"
111.14,1;";"
76.274,1;";"
81.473,1;";"
92.78,1;";"
68.707,1;";"
100.73,1;";"
102.25,1;";"
49.754,1;";"
73.212,1;";"
74.996,1;";"
106.03,1;";"
45.567,1;";"
153.8,1;";"
87.225,1;";"
87.242,1;";"
91.11,1;";"
54.981,1;";"
73.847,1;";"
104.4,1;";"
83.04,1;";"
71.227,1;";"
109.18,1;";"
139.71,1;";"
117.21,1;";"
85.523,1;";"
10.515,1;";"
124.08,1;";"
61.179,1;";"
56.647,1;";"
81.85,1;";"
56.414,1;";"
306.57,1;";"
97.507,1;";"
89.557,1;";"
84.413,1;";"
93.865,1;";"
72.684,1;";"
46.737,1;";"
68.782,1;";"
81.644,1;";"
69.294,1;";"
116.72,1;";"
37.748,1;";"
70.892,1;";"
78.39,1;";"
77.24,1;";"
96.075,1;";"
50.387,1;";"
48.598,1;";"
72.043,1;";"
72.354,1;";"
79.489,1;";"
104.56,1;";"
56.72,1;";"
69.745,1;";"
91.084,1;";"
77.119,1;";"
78.772,1;";"
66.068,1;";"
74.632,1;";"
78.949,1;";"
113.74,1;";"
91.965,1;";"
53.358,1;";"
48.899,1;";"
74.738,1;";"
86.108,1;";"
106.36,1;";"
6.394,1;";"
50.609,1;";"
89.197,1;";"
98.479,1;";"
120.06,1;";"
84.721,1;";"
150.85,1;";"
157.44,1;";"
70.238,1;";"
81.611,1;";"
97.416,1;";"
99.798,1;";"
75.25,1;";"
98.909,1;";"
74.345,1;";"
56.484,1;";"
64.156,1;";"
66.472,1;";"
112.39,1;";"
121.37,1;";"
92.587,1;";"
98.586,1;";"
56.389,1;";"
99.553,1;";"
64.133,1;";"
106.61,1;";"
94.011,1;";"
75.68,1;";"
47.201,1;";"
54.515,1;";"
51.199,1;";"
57.069,1;";"
119.92,1;";"
116.74,1;";"
54.71,1;";"
43.314,1;";"
82,1;";"
96.808,1;";"
128.96,1;";"
33.958,1;";"
52.387,1;";"
62.078,1;";"
56.002,1;";"
39.454,1;";"
87.078,1;";"
17.55,1;";"
31.553,1;";"
54.652,1;";"
48,1;";"
86.293,1;";"
69,1;";"
40.401,1;";"
54.06,1;";"
56.466,1;";"
56.593,1;";"
34.249,1;";"
113.53,1;";"
122.98,1;";"
59.162,1;";"
85.616,1;";"
68.486,1;";"
76.964,1;";"
59.289,1;";"
58.08,1;";"
46.822,1;";"
50.3,1;";"
41.4,1;";"
55.891,1;";"
63.145,1;";"
35.907,1;";"
68.118,1;";"
55.265,1;";"
48.784,1;";"
42.742,1;";"
50.407,1;";"
35.404,1;";"
85.503,1;";"
32.092,1;";"
53.091,1;";"
88.328,1;";"
52,1;";"
74.261,1;";"
49.538,1;";"
61.96,1;";"
79.383,1;";"
58.119,1;";"
64.62,1;";"
68.445,1;";"
91.949,1;";"
48.57,1;";"
53.915,1;";"
54.68,1;";"
41.521,1;";"
65.514,1;";"
70.101,1;";"
72.517,1;";"
115.07,1;";"
63.547,1;";"
100.76,1;";"
51.196,1;";"
61.047,1;";"
78.148,1;";"
53.123,1;";"
72.724,1;";"
80.491,1;";"
46.53,1;";"
118.25,1;";"
59.376,1;";"
58.492,1;";"
80.405,1;";"
74.342,1;";"
66.714,1;";"
60.774,1;";"
59.735,1;";"
56.445,1;";"
52.844,1;";"
55.653,1;";"
48.932,1;";"
52.777,1;";"
47.172,1;";"
105.18,1;";"
63.111,1;";"
65.389,1;";"
62.203,1;";"
87.873,1;";"
94.393,1;";"
193.91,1;";"
85.987,1;";"
70.63,1;";"
84.773,1;";"
96.908,1;";"
39.062,1;";"
52.486,1;";"
50.012,1;";"
58.467,1;";"
52.06,1;";"
91.409,1;";"
50.839,1;";"
44.2,1;";"
50.648,1;";"
39.633,1;";"
126.96,1;";"
80.037,1;";"
130.58,1;";"
131.1,1;";"
57.006,1;";"
135.47,1;";"
177.65,1;";"
148.64,1;";"
145.9,1;";"
64.184,1;";"
152.44,1;";"
30.386,1;";"
40.438,1;";"
28.771,1;";"
73.103,1;";"
78,1;";"
91.461,1;";"
38.705,1;";"
72.211,1;";"
72.367,1;";"
100.15,1;";"
84.696,1;";"
61.105,1;";"
121.74,1;";"
90.182,1;";"
52.481,1;";"
124.2,1;";"
78.582,1;";"
148.23,1;";"
74.465,1;";"
78.601,1;";"
94.197,1;";"
117.51,1;";"
104.1,1;";"
84.846,1;";"
116.3,1;";"
119.1,1;";"
45.57,1;";"
123.73,1;";"
59.452,1;";"
80.166,1;";"
41.321,1;";"
57.863,1;";"
57.73,1;";"
96.128,1;";"
61.472,1;";"
73.046,1;";"
98.277,1;";"
70.424,1;";"
85.949,1;";"
65.7,1;";"
69.813,1;";"
104.68,1;";"
58.838,1;";"
98.331,1;";"
67.73,1;";"
78.387,1;";"
110.86,1;";"
89.239,1;";"
93.079,1;";"
75.091,1;";"
40.628,1;";"
69.878,1;";"
46.573,1;";"
85.827,1;";"
93.419,1;";"
95.879,1;";"
104.76,1;";"
119.55,1;";"
86.493,1;";"
109.73,1;";"
93.912,1;";"
144.44,1;";"
89.025,1;";"
100.74,1;";"
101.56,1;";"
122.89,1;";"
99.337,1;";"
122.14,1;";"
114.41,1;";"
77.328,1;";"
84.478,1;";"
122.57,1;";"
93.533,1;";"
78.43,1;";"
123,1;";"
88.314,1;";"
152.06,1;";"
123.34,1;";"
187.15,1;";"
150.24,1;";"
103.69,1;";"
101.14,1;";"
70.822,1;";"
87.34,1;";"
122.84,1;";"
65.368,1;";"
86.873,1;";"
56.471,1;";"
81.27,1;";"
81.943,1;";"
66.629,1;";"
121.46,1;";"
84.893,1;";"
70.204,1;";"
153.48,1;";"
186.91,1;";"
91.659,1;";"
106.64,1;";"
112.9,1;";"
51.028,1;";"
112.3,1;";"
48.23,1;";"
106.18,1;";"
47.224,1;";"
104.15,1;";"
45.531,1;";"
109.55,1;";"
102,1;";"
114.06,1;";"
84.601,1;";"
114.04,1;";"
71.786,1;";"
85.619,1;";"
113.87,1;";"
99.752,1;";"
77.108,1;";"
120,1;";"
109.22,1;";"
129.88,1;";"
124.68,1;";"
97.165,1;";"
89.631,1;";"
85.569,1;";"
129.53,1;";"
101.79,1;";"
96.842,1;";"
98.206,1;";"
95.518,1;";"
85.663,1;";"
66.693,1;";"
126.01,1;";"
72.318,1;";"
124.56,1;";"
88.669,1;";"
74.798,1;";"
78,1;";"
63.601,1;";"
77.171,1;";"
83.217,1;";"
78.663,1;";"
78.218,1;";"
71.591,1;";"
76.058,1;";"
115.98,1;";"
114.57,1;";"
86.781,1;";"
110.71,1;";"
77.185,1;";"
97.593,1;";"
84.209,1;";"
84.119,1;";"
68.485,1;";"
78.184,1;";"
80.491,1;";"
90.122,1;";"
132.01,1;";"
100.78,1;";"
74.014,1;";"
83.638,1;";"
112.51,1;";"
87.389,1;";"
62.954,1;";"
53.866,1;";"
120,1;";"
101.64,1;";"
107.7,1;";"
219.98,1;";"
113.22,1;";"
89.195,1;";"
123.86,1;";"
128.51,1;";"
64.429,1;";"
40.589,1;";"
75.563,1;";"
71.71,1;";"
61.346,1;";"
66.804,1;";"
70.765,1;";"
73.193,1;";"
92.896,1;";"
105.48,1;";"
116.93,1;";"
31.971,1;";"
107.4,1;";"
167.97,1;";"
108.09,1;";"
138.28,1;";"
107.48,1;";"
70.161,1;";"
86.533,1;";"
108.7,1;";"
107.16,1;";"
75.426,1;";"
86.401,1;";"
116.68,1;";"
137.71,1;";"
155.4,1;";"
124.41,1;";"
79.165,1;";"
113.63,1;";"
69.042,1;";"
47.982,1;";"
132.11,1;";"
122.81,1;";"
125.19,1;";"
140.88,1;";"
82.405,1;";"
70.201,1;";"
68.422,1;";"
126.42,1;";"
220.86,1;";"
137.06,1;";"
211.67,1;";"
70.743,1;";"
60.5,1;";"
43.301,1;";"
89.004,1;";"
32.967,1;";"
71.807,1;";"
82.241,1;";"
183.37,1;";"
76.102,1;";"
95.11,1;";"
60.196,1;";"
70.5,1;";"
26.5,1;";"
82.861,1;";"
143.69,1;";"
54.435,1;";"
45.016,1;";"
107.02,1;";"
115.84,1;";"
122.8,1;";"
121.5,1;";"
79.785,1;";"
104.15,1;";"
126.23,1;";"
57.489,1;";"
95.784,1;";"
84.477,1;";"
93.126,1;";"
86.251,1;";"
69.09,1;";"
85.816,1;";"
87.832,1;";"
267.78,1;";"
110.14,1;";"
57.417,1;";"
74.5,1;";"
61.514,1;";"
98.657,1;";"
110.97,1;";"
57.14,1;";"
63.799,1;";"
59.943,1;";"
136.79,1;";"
151.11,1;";"
104.38,1;";"
83.8,1;";"
112.62,1;";"
138.57,1;";"
119.16,1;";"
132.02,1;";"
150.07,1;";"
41.511,1;";"
49.992,1;";"
57.96,1;";"
84.609,1;";"
112,1;";"
135.95,1;";"
51.659,1;";"
63.389,1;";"
68.841,1;";"
45,1;";"
32,1;";"
59,1;";"
46,1;";"
66.934,1;";"
117.17,1;";"
141.9,1;";"
123.23,1;";"
123.63,1;";"
139.07,1;";"
123.9,1;";"
122.29,1;";"
212.45,1;";"
198.86,1;";"
160.66,1;";"
91.999,1;";"
122.54,1;";"
100.99,1;";"
98.061,1;";"
102.28,1;";"
46.181,1;";"
48.632,1;";"
88.552,1;";"
61.967,1;";"
170.11,1;";"
201.66,1;";"
153.07,1;";"
85.484,1;";"
73.015,1;";"
115.07,1;";"
173.26,1;";"
117.05,1;";"
136.34,1;";"
137.09,1;";"
132.46,1;";"
87.857,1;";"
105.99,1;";"
154.24,1;";"
52.825,1;";"
150.68,1;";"
130.64,1;";"
96.1,1;";"
126.48,1;";"
110.02,1;";"
113.63,1;";"
130.54,1;";"
43.072,1;";"
52.387,1;";"
78.375,1;";"
15.037,1;";"
157.98,1;";"
132.35,1;";"
84.2,1;";"
82,1;";"
114,1;";"
114.3,1;";"
194.6,1;";"
196.02,1;";"
176.12,1;";"
119.17,1;";"
111.92,1;";"
110,1;";"
92.717,1;";"
76.694,1;";"
73.691,1;";"
129.99,1;";"
93.39,1;";"
103.1,1;";"
68.116,1;";"
97.567,1;";"
84.995,1;";"
70.908,1;";"
149.55,1;";"
45.398,1;";"
73.535,1;";"
45.021,1;";"
55.011,1;";"
116.33,1;";"
107.42,1;";"
30.559,1;";"
188.67,1;";"
90.086,1;";"
91.3,1;";"
82.661,1;";"
103.66,1;";"
118.74,1;";"
119.31,1;";"
108.39,1;";"
114.6,1;";"
89.822,1;";"
251,1;";"
119.69,1;";"
180.06,1;";"
257.64,1;";"
163.35,1;";"
127.4,1;";"
165.12,1;";"
142.45,1;";"
86.827,1;";"
56.851,1;";"
119.36,1;";"
153.41,1;";"
110.87,1;";"
116.33,1;";"
116.1,1;";"
141.51,1;";"
202.27,1;";"
107.49,1;";"
101.67,1;";"
76.212,1;";"
126.61,1;";"
78.77,1;";"
98.713,1;";"
97.009,1;";"
103.62,1;";"
93.764,1;";"
85.012,1;";"
121.09,1;";"
109.08,1;";"
95.755,1;";"
133.02,1;";"
124.58,1;";"
153.29,1;";"
93.46,1;";"
149.44,1;";"
162.12,1;";"
90.084,1;";"
102.74,1;";"
119.72,1;";"
137,1;";"
200.42,1;";"
150.4,1;";"
74.838,1;";"
117.24,1;";"
97.2,1;";"
187.47,1;";"
163.92,1;";"
89.66,1;";"
136.96,1;";"
153.89,1;";"
173.65,1;";"
93.533,1;";"
108.91,1;";"
129.61,1;";"
118.5,1;";"
31.608,1;";"
62.754,1;";"
70.741,1;";"
152.92,1;";"
80.1,1;";"
148.55,1;";"
117.04,1;";"
132.8,1;";"
114.6,1;";"
114.9,1;";"
57.263,1;";"
65.256,1;";"
88.485,1;";"
81.314,1;";"
109.1,1;";"
125,1;";"
39.764,1;";"
87.191,1;";"
107.49,1;";"
52.291,1;";"
69.383,1;";"
66.003,1;";"
70,1;";"
70.016,1;";"
62.622,1;";"
109.76,1;";"
248.75,1;";"
69.131,1;";"
72.905,1;";"
87.536,1;";"
109.5,1;";"
32.326,1;";"
96.642,1;";"
114.68,1;";"
47.272,1;";"
66.645,1;";"
118,1;";"
109.47,1;";"
54.416,1;";"
86.5,1;";"
119.86,1;";"
118.43,1;";"
109.57,1;";"
76.455,1;";"
64.197,1;";"
77.712,1;";"
82.439,1;";"
118.83,1;";"
38.8,1;";"
111.27,1;";"
168.26,1;";"
97.837,1;";"
67.7,1;";"
242.97,1;";"
160.49,1;";"
50.912,1;";"
44.225,1;";"
121.3,1;";"
70.509,1;";"
95,1;";"
144.18,1;";"
78.8,1;";"
156,1;";"
93.5,1;";"
57,1;";"
103.8,1;";"
122.24,1;";"
121.18,1;";"
25.2,1;";"
31.835,1;";"
54.995,1;";"
27.947,1;";"
58.849,1;";"
91.085,1;";"
92.822,1;";"
78.094,1;";"
132.82,1;";"
171.01,1;";"
116.4,1;";"
73.928,1;";"
166,1;";"
139,1;";"
205,1;";"
116.3,1;";"
172.86,1;";"
131,1;";"
183.36,1;";"
414.2,1;";"
362.25,1;";"
392.14,1;";"
466.52,1;";"
343.99,1;";"
1593,1;";"
490.83,1;";"
500.36,1;";"
876,1;";"
47.76,1;";"
660.8,1;";"
464.85,1;";"
425.03,1;";"
425.22,1;";"
808.21,1;";"
492.82,1;";"
397.73,1;";"
484.42,1;";"
660,1;";"
568.67,1;";"
667.81,1;";"
557.12,1;";"
290.57,1;";"
538.84,1;";"
369.2,1;";"
538.89,1;";"
352.29,1;";"
465.5,1;";"
325.37,1;";"
561.44,1;";"
893.58,1;";"
277.65,1;";"
205.55,1;";"
344.4,1;";"
565.52,1;";"
544.57,1;";"
416.48,1;";"
322.98,1;";"
400.12,1;";"
520.69,1;";"
477.76,1;";"
516.47,1;";"
618.88,1;";"
381.95,1;";"
243.29,1;";"
225.27,1;";"
250.34,1;";"
351.08,1;";"
560.48,1;";"
406.15,1;";"
876,1;";"
876,1;";"
371.43,1;";"
272.03,1;";"
504.4,1;";"
518.58,1;";"
426.65,1;";"
911.08,1;";"
876,1;";"
286.53,1;";"
388.27,1;";"
876,1;";"
530.74,1;";"
1593,1;";"
458.6,1;";"
376.46,1;";"
876,1;";"
319.94,1;";"
624.78,1;";"
589.18,1;";"
469.07,1;";"
528.27,1;";"
662.86,1;";"
631.98,1;";"
342.65,1;";"
673.7,1;";"
619.78,1;";"
542.41,1;";"
535.22,1;";"
246.22,1;";"
250.33,1;";"
223.01,1;";"
337.95,1;";"
281.33,1;";"
312.65,1;";"
179.97,1;";"
256.03,1;";"
276.79,1;";"
316.34,1;";"
310.35,1;";"
352.55,1;";"
161.41,1;";"
234.44,1;";"
317.31,1;";"
303.85,1;";"
300.79,1;";"
271.39,1;";"
384.77,1;";"
328.08,1;";"
283.98,1;";"
285.93,1;";"
292.19,1;";"
382.88,1;";"
257.1,1;";"
309.62,1;";"
289.55,1;";"
371.36,1;";"
262.66,1;";"
309.77,1;";"
406.44,1;";"
300.05,1;";"
260.33,1;";"
331.51,1;";"
365.3,1;";"
190.1,1;";"
270.66,1;";"
327.7,1;";"
398.94,1;";"
270.87,1;";"
381.1,1;";"
188.53,1;";"
340.73,1;";"
125.86,1;";"
235.28,1;";"
221.79,1;";"
423.28,1;";"
259.6,1;";"
438,1;";"
372.32,1;";"
447.48,1;";"
323.8,1;";"
237.07,1;";"
410.04,1;";"
301.33,1;";"
282.63,1;";"
300.54,1;";"
411.89,1;";"
205.13,1;";"
200.78,1;";"
446.65,1;";"
288.64,1;";"
395.12,1;";"
284.36,1;";"
278.59,1;";"
339.51,1;";"
258.08,1;";"
295.95,1;";"
288.42,1;";"
269.51,1;";"
233.41,1;";"
290.18,1;";"
286.78,1;";"
242.95,1;";"
333.86,1;";"
351.09,1;";"
325.86,1;";"
296.97,1;";"
327.53,1;";"
320.08,1;";"
206.12,1;";"
196.47,1;";"
212.87,1;";"
262.69,1;";"
255.83,1;";"
322.62,1;";"
253.6,1;";"
257.28,1;";"
257.14,1;";"
282.64,1;";"
210.5,1;";"
220.42,1;";"
289.59,1;";"
276.68,1;";"
374.96,1;";"
286.17,1;";"
413.68,1;";"
346.1,1;";"
197.16,1;";"
253.99,1;";"
294.65,1;";"
369.92,1;";"
312.66,1;";"
305.85,1;";"
479.74,1;";"
259.04,1;";"
455.39,1;";"
343.48,1;";"
470.88,1;";"
273.79,1;";"
303.44,1;";"
231.73,1;";"
258,1;";"
377.41,1;";"
400.9,1;";"
356.18,1;";"
165.33,1;";"
438,1;";"
378.36,1;";"
321.61,1;";"
276.48,1;";"
309.53,1;";"
259.65,1;";"
275.47,1;";"
292.92,1;";"
260.22,1;";"
480.31,1;";"
354.89,1;";"
322,1;";"
332.67,1;";"
278.02,1;";"
316.89,1;";"
236.11,1;";"
278.95,1;";"
284.27,1;";"
323.26,1;";"
274.61,1;";"
435.99,1;";"
177.14,1;";"
254.89,1;";"
379.76,1;";"
228.13,1;";"
247.4,1;";"
348.02,1;";"
238.97,1;";"
346.63,1;";"
313.98,1;";"
242.53,1;";"
408.21,1;";"
408.93,1;";"
222.02,1;";"
462.75,1;";"
300.07,1;";"
284.52,1;";"
365.4,1;";"
311.61,1;";"
258.39,1;";"
426.03,1;";"
289.49,1;";"
189.36,1;";"
237.41,1;";"
306.46,1;";"
335.74,1;";"
290.63,1;";"
316.03,1;";"
285.11,1;";"
306.16,1;";"
274.96,1;";"
295.93,1;";"
181.79,1;";"
196.43,1;";"
215.32,1;";"
239.7,1;";"
276.4,1;";"
246.39,1;";"
341.5,1;";"
168.76,1;";"
221.09,1;";"
344.31,1;";"
307.07,1;";"
484,1;";"
232.54,1;";"
219.74,1;";"
310.73,1;";"
352,1;";"
307.2,1;";"
227.62,1;";"
304.82,1;";"
318.83,1;";"
303.57,1;";"
246.12,1;";"
370.01,1;";"
259.24,1;";"
244.11,1;";"
418.61,1;";"
360.94,1;";"
395.41,1;";"
237.16,1;";"
281.38,1;";"
280.1,1;";"
239.33,1;";"
339.99,1;";"
176.77,1;";"
268.5,1;";"
279.95,1;";"
315.86,1;";"
310.07,1;";"
251.53,1;";"
321.72,1;";"
357.17,1;";"
273.4,1;";"
241.26,1;";"
274.14,1;";"
388.47,1;";"
438,1;";"
293.61,1;";"
405.74,1;";"
407.38,1;";"
481.14,1;";"
347.53,1;";"
230.34,1;";"
280.23,1;";"
265.7,1;";"
231.12,1;";"
352.36,1;";"
341.05,1;";"
313.65,1;";"
284.05,1;";"
268.19,1;";"
272.12,1;";"
260.45,1;";"
338.07,1;";"
313.74,1;";"
340.48,1;";"
149.64,1;";"
290.24,1;";"
283.27,1;";"
226.46,1;";"
293.33,1;";"
206.79,1;";"
235.84,1;";"
307.96,1;";"
369.44,1;";"
208.43,1;";"
406.62,1;";"
208.57,1;";"
400.95,1;";"
237.2,1;";"
194.59,1;";"
289.04,1;";"
267.42,1;";"
218.87,1;";"
214.05,1;";"
255.75,1;";"
304.89,1;";"
440.73,1;";"
377.85,1;";"
305.45,1;";"
385.44,1;";"
249.87,1;";"
286.49,1;";"
233.94,1;";"
444.72,1;";"
270.81,1;";"
332.26,1;";"
350.74,1;";"
326.96,1;";"
320.03,1;";"
461.12,1;";"
285.57,1;";"
267.68,1;";"
211.17,1;";"
254.11,1;";"
265.08,1;";"
258.73,1;";"
221.28,1;";"
355.09,1;";"
320.35,1;";"
361.65,1;";"
281.6,1;";"
453.37,1;";"
149.9,1;";"
300.52,1;";"
365.85,1;";"
277.49,1;";"
427.32,1;";"
223.24,1;";"
257.53,1;";"
395.57,1;";"
336.5,1;";"
272.98,1;";"
266.57,1;";"
218.09,1;";"
291.04,1;";"
305.67,1;";"
306.37,1;";"
247.84,1;";"
230.92,1;";"
354.85,1;";"
318.83,1;";"
339.14,1;";"
203.28,1;";"
410.14,1;";"
353.78,1;";"
250.11,1;";"
375.85,1;";"
438,1;";"
216.82,1;";"
263.98,1;";"
298.34,1;";"
245.83,1;";"
248.83,1;";"
337.22,1;";"
388.17,1;";"
184.57,1;";"
338.42,1;";"
223.91,1;";"
251.08,1;";"
455.13,1;";"
261.04,1;";"
362.44,1;";"
329,1;";"
290.07,1;";"
639.67,1;";"
220.48,1;";"
374.65,1;";"
298.63,1;";"
387.65,1;";"
314.77,1;";"
249.07,1;";"
302.35,1;";"
265.31,1;";"
311.68,1;";"
274.62,1;";"
233.75,1;";"
225.24,1;";"
322.37,1;";"
273,1;";"
255.29,1;";"
269.73,1;";"
347.29,1;";"
262.22,1;";"
391.25,1;";"
438,1;";"
267.61,1;";"
438,1;";"
338.9,1;";"
346.48,1;";"
439.41,1;";"
438,1;";"
438,1;";"
210.56,1;";"
438,1;";"
438.94,1;";"
438,1;";"
248.96,1;";"
311.07,1;";"
307.84,1;";"
438,1;";"
429.87,1;";"
438,1;";"
438.97,1;";"
269.17,1;";"
244.97,1;";"
297.03,1;";"
274.22,1;";"
352.11,1;";"
302.83,1;";"
439.38,1;";"
440.32,1;";"
438,1;";"
438,1;";"
441.44,1;";"
237.81,1;";"
239.61,1;";"
440.58,1;";"
466.09,1;";"
438,1;";"
438,1;";"
306.53,1;";"
280.12,1;";"
441.18,1;";"
324.27,1;";"
438,1;";"
438,1;";"
593.38,1;";"
317.92,1;";"
442.81,1;";"
438,1;";"
438,1;";"
438.85,1;";"
379,1;";"
438,1;";"
186.56,1;";"
438,1;";"
313.6,1;";"
189.03,1;";"
371.95,1;";"
298.3,1;";"
214.35,1;";"
350.16,1;";"
321.81,1;";"
210.62,1;";"
219.97,1;";"
437.3,1;";"
225.11,1;";"
288.13,1;";"
258.44,1;";"
381.72,1;";"
232.49,1;";"
313.2,1;";"
314.46,1;";"
382.17,1;";"
325.22,1;";"
398.65,1;";"
220.81,1;";"
568.08,1;";"
127.44,1;";"
121.46,1;";"
103.86,1;";"
318.38,1;";"
284.31,1;";"
233.85,1;";"
1250,1;";"
53.246,1;";"
54.07,1;";"
47.68,1;";"
102.6,1;";"
276.45,1;";"
276.59,1;";"
250.72,1;";"
285.07,1;";"
224.14,1;";"
2934.4,1;";"
2955,1;";"
465,1;";"
461.02,1;";"
297.03,1;";"
1674.5,1;";"
815.03,1;";"
814.24,1;";"
1425,1;";"
1428.8,1;";"
1574.5,1;";"
283.2,1;";"
281.93,1;";"
249.06,1;";"
227.11,1;";"
80.954,1;";"
104.52,1;";"
183.41,1;";"
185.93,1;";"
109.41,1;";"
68.263,1;";"
85.841,1;";"
124.25,1;";"
132.86,1;";"
99.916,1;";"
255.29,1;";"
142.36,1;";"
170.16,1;";"
100.93,1;";"
296.1,1;";"
83.94,1;";"
435.12,1;";"
206.47,1;";"
186.45,1;";"
239.14,1;";"
378.12,1;";"
128.33,1;";"
191.61,1;";"
133.52,1;";"
192.23,1;";"
187.92,1;";"
152.55,1;";"
163.28,1;";"
238.07,1;";"
154.14,1;";"
239.92,1;";"
196.44,1;";"
229.14,1;";"
150.02,1;";"
194.35,1;";"
234.24,1;";"
104.22,1;";"
318.82,1;";"
414.17,1;";"
359.12,1;";"
219.94,1;";"
218.9,1;";"
241.84,1;";"
152.68,1;";"
421.92,1;";"
210.35,1;";"
100.33,1;";"
347.87,1;";"
191.11,1;";"
165.8,1;";"
165.47,1;";"
394.25,1;";"
394.57,1;";"
167.41,1;";"
285.46,1;";"
250.88,1;";"
176.34,1;";"
318.7,1;";"
405.91,1;";"
214.64,1;";"
273.33,1;";"
363.45,1;";"
297.92,1;";"
167.79,1;";"
159.68,1;";"
208.69,1;";"
412.61,1;";"
314.53,1;";"
742.27,1;";"
455.82,1;";"
466.36,1;";"
281.87,1;";"
132.15,1;";"
170.54,1;";"
166.15,1;";"
120.61,1;";"
201.78,1;";"
57.611,1;";"
99.354,1;";"
187.34,1;";"
164.01,1;";"
183.57,1;";"
252.43,1;";"
45.986,1;";"
222.14,1;";"
240.03,1;";"
319.15,1;";"
146.59,1;";"
162.15,1;";"
180.72,1;";"
188.53,1;";"
138.78,1;";"
187.06,1;";"
181.49,1;";"
320,1;";"
320,1;";"
229.98,1;";"
152.96,1;";"
187.8,1;";"
148.79,1;";"
134.05,1;";"
181.93,1;";"
118.74,1;";"
61.505,1;";"
150.11,1;";"
209.55,1;";"
138.49,1;";"
118.15,1;";"
133.13,1;";"
114.2,1;";"
192.14,1;";"
238.44,1;";"
269,1;";"
269,1;";"
174.61,1;";"
260.86,1;";"
264.98,1;";"
206.96,1;";"
300.51,1;";"
214.9,1;";"
214.59,1;";"
224.47,1;";"
223.76,1;";"
177.65,1;";"
158.98,1;";"
152.88,1;";"
126.7,1;";"
155.6,1;";"
173.03,1;";"
227.15,1;";"
194.81,1;";"
174.93,1;";"
216.13,1;";"
106.02,1;";"
148.35,1;";"
216.77,1;";"
142.41,1;";"
84.894,1;";"
113.97,1;";"
128.16,1;";"
119.51,1;";"
138.18,1;";"
124.9,1;";"
182.03,1;";"
219.34,1;";"
308.99,1;";"
180.09,1;";"
119.56,1;";"
175.88,1;";"
368.59,1;";"
168.13,1;";"
550.25,1;";"
232.53,1;";"
146.46,1;";"
174.14,1;";"
163.03,1;";"
154.58,1;";"
378.46,1;";"
178.99,1;";"
119.5,1;";"
281.86,1;";"
234.3,1;";"
92.918,1;";"
469.91,1;";"
131.77,1;";"
358.66,1;";"
360.31,1;";"
60.028,1;";"
103.25,1;";"
222.5,1;";"
311.52,1;";"
72.423,1;";"
114.79,1;";"
73.326,1;";"
58.884,1;";"
70.003,1;";"
77.541,1;";"
102.16,1;";"
119.33,1;";"
120.38,1;";"
69.221,1;";"
98.976,1;";"
152.72,1;";"
128.68,1;";"
63.036,1;";"
68.51,1;";"
46.787,1;";"
83.317,1;";"
78.409,1;";"
143.69,1;";"
87.575,1;";"
77.018,1;";"
87.388,1;";"
70.487,1;";"
93.996,1;";"
92.797,1;";"
106.82,1;";"
85.312,1;";"
108.45,1;";"
147.31,1;";"
150.88,1;";"
109.28,1;";"
101.82,1;";"
101.53,1;";"
124.31,1;";"
97.156,1;";"
141.21,1;";"
138.76,1;";"
128.78,1;";"
123.81,1;";"
137.99,1;";"
138.14,1;";"
121.69,1;";"
123.16,1;";"
192.25,1;";"
197.31,1;";"
128.55,1;";"
110.47,1;";"
64.544,1;";"
60.679,1;";"
66.435,1;";"
120.84,1;";"
89.784,1;";"
107.72,1;";"
112.32,1;";"
67.324,1;";"
56.832,1;";"
96.405,1;";"
62.829,1;";"
52.474,1;";"
55.012,1;";"
65.702,1;";"
97.496,1;";"
93.208,1;";"
110.54,1;";"
114.94,1;";"
50.266,1;";"
34.185,1;";"
83.844,1;";"
67.831,1;";"
70.592,1;";"
81.715,1;";"
50.904,1;";"
63.204,1;";"
67.191,1;";"
82.11,1;";"
71.36,1;";"
72.816,1;";"
65.027,1;";"
58.095,1;";"
97.002,1;";"
72.737,1;";"
40.853,1;";"
42.433,1;";"
57.767,1;";"
41.508,1;";"
63.237,1;";"
139.85,1;";"
127.17,1;";"
66.12,1;";"
114.14,1;";"
87.847,1;";"
92.038,1;";"
64.434,1;";"
102.27,1;";"
99.302,1;";"
106.14,1;";"
129.43,1;";"
66.749,1;";"
86.064,1;";"
207.08,1;";"
130.44,1;";"
87.502,1;";"
88.629,1;";"
60.229,1;";"
70.966,1;";"
84.697,1;";"
73.256,1;";"
93.262,1;";"
76.266,1;";"
111.16,1;";"
129.7,1;";"
88.384,1;";"
96.277,1;";"
102.09,1;";"
102.28,1;";"
90.027,1;";"
87.579,1;";"
113.31,1;";"
249.73,1;";"
225.27,1;";"
79.091,1;";"
76.199,1;";"
61.204,1;";"
92.552,1;";"
132.07,1;";"
61.798,1;";"
98.11,1;";"
121.34,1;";"
75.145,1;";"
81.761,1;";"
114.68,1;";"
120.09,1;";"
185.3,1;";"
67.828,1;";"
144.86,1;";"
147.68,1;";"
116.67,1;";"
66.193,1;";"
65.639,1;";"
148.2,1;";"
106.49,1;";"
105.81,1;";"
134.28,1;";"
102.06,1;";"
103.64,1;";"
147.6,1;";"
146.58,1;";"
189.23,1;";"
189.45,1;";"
91.2,1;";"
90.997,1;";"
58.319,1;";"
51.908,1;";"
61.348,1;";"
49.442,1;";"
57.45,1;";"
46.138,1;";"
62.031,1;";"
99.918,1;";"
53.705,1;";"
95.148,1;";"
65.089,1;";"
102.94,1;";"
39.284,1;";"
96.127,1;";"
46.94,1;";"
55.585,1;";"
44.36,1;";"
64.419,1;";"
47.24,1;";"
70.946,1;";"
50.226,1;";"
3.1251,1;";"
64.658,1;";"
96.214,1;";"
56.733,1;";"
193.9,1;";"
50.32,1;";"
111.03,1;";"
101.45,1;";"
112.84,1;";"
117.28,1;";"
94.627,1;";"
79.798,1;";"
83.561,1;";"
50.924,1;";"
59.307,1;";"
111.53,1;";"
148.83,1;";"
82.24,1;";"
37.882,1;";"
16.229,1;";"
79.564,1;";"
61.533,1;";"
60.695,1;";"
126.61,1;";"
25.917,1;";"
68.532,1;";"
51.279,1;";"
21.704,1;";"
60.57,1;";"
84.225,1;";"
34.536,1;";"
39.842,1;";"
134.8,1;";"
120,1;";"
74.121,1;";"
78.987,1;";"
61.214,1;";"
85.131,1;";"
90,1;";"
77.482,1;";"
67.997,1;";"
97.909,1;";"
73.784,1;";"
58.645,1;";"
138.73,1;";"
103.38,1;";"
78.804,1;";"
133.97,1;";"
69.292,1;";"
133,1;";"
77.797,1;";"
83.238,1;";"
88.197,1;";"
79.545,1;";"
132.1,1;";"
92.686,1;";"
126.65,1;";"
156.02,1;";"
106.37,1;";"
133.58,1;";"
68.596,1;";"
139.81,1;";"
134.36,1;";"
70.464,1;";"
151.56,1;";"
167.96,1;";"
108.01,1;";"
80.671,1;";"
131.54,1;";"
97.231,1;";"
104.81,1;";"
95.271,1;";"
131.2,1;";"
110.59,1;";"
78.579,1;";"
75.554,1;";"
95.075,1;";"
75.172,1;";"
69.005,1;";"
52.864,1;";"
69.815,1;";"
95.599,1;";"
53.653,1;";"
115.06,1;";"
110.28,1;";"
110.04,1;";"
88.753,1;";"
117.1,1;";"
96.234,1;";"
114.59,1;";"
114.59,1;";"
55.037,1;";"
87.751,1;";"
124.14,1;";"
77.938,1;";"
107.53,1;";"
81.269,1;";"
97.607,1;";"
73.963,1;";"
74.915,1;";"
130.29,1;";"
83.151,1;";"
93.67,1;";"
87.229,1;";"
45.403,1;";"
82.856,1;";"
81.167,1;";"
102.58,1;";"
64.114,1;";"
98.508,1;";"
83.763,1;";"
43.566,1;";"
68.368,1;";"
128.22,1;";"
60.655,1;";"
104.68,1;";"
95.61,1;";"
199.05,1;";"
177.32,1;";"
137.37,1;";"
177.6,1;";"
110.75,1;";"
79.147,1;";"
128.49,1;";"
128.49,1;";"
101.48,1;";"
86.371,1;";"
121.44,1;";"
142.48,1;";"
133.3,1;";"
49.551,1;";"
95.301,1;";"
128.22,1;";"
106.35,1;";"
90.413,1;";"
102.83,1;";"
78.672,1;";"
97.918,1;";"
95.295,1;";"
100.71,1;";"
85.589,1;";"
43.129,1;";"
146.25,1;";"
109.69,1;";"
120.14,1;";"
61.966,1;";"
40.303,1;";"
73.879,1;";"
49.569,1;";"
76.682,1;";"
91.554,1;";"
124.73,1;";"
123.46,1;";"
111.16,1;";"
96.131,1;";"
94.508,1;";"
39.951,1;";"
66.955,1;";"
82.227,1;";"
134.9,1;";"
97.866,1;";"
92.693,1;";"
82.428,1;";"
73.641,1;";"
103.29,1;";"
91.269,1;";"
68.993,1;";"
53.954,1;";"
141.49,1;";"
114.06,1;";"
96.865,1;";"
121.5,1;";"
177.39,1;";"
113.2,1;";"
81.724,1;";"
109.99,1;";"
90,1;";"
86.034,1;";"
55.709,1;";"
67.414,1;";"
136.61,1;";"
107.97,1;";"
113.87,1;";"
71.017,1;";"
96.368,1;";"
116.98,1;";"
84.711,1;";"
121.78,1;";"
69.974,1;";"
128.32,1;";"
90.985,1;";"
130.3,1;";"
133.9,1;";"
83.06,1;";"
141.04,1;";"
89.567,1;";"
127.64,1;";"
130.3,1;";"
110.33,1;";"
89.488,1;";"
112.95,1;";"
60.226,1;";"
67.538,1;";"
158.01,1;";"
62.988,1;";"
53.476,1;";"
52.519,1;";"
130.81,1;";"
107.96,1;";"
128.74,1;";"
104.37,1;";"
66.954,1;";"
89.635,1;";"
94.102,1;";"
71.291,1;";"
54.229,1;";"
60.882,1;";"
67.618,1;";"
144.08,1;";"
143.7,1;";"
117.66,1;";"
40.086,1;";"
61.097,1;";"
63.203,1;";"
60.826,1;";"
110.94,1;";"
89.252,1;";"
74.331,1;";"
97.155,1;";"
9.467,1;";"
143.98,1;";"
154.46,1;";"
66.041,1;";"
9.467,1;";"
100.8,1;";"
211.33,1;";"
161.07,1;";"
65.482,1;";"
93.499,1;";"
130.79,1;";"
122.9,1;";"
127.33,1;";"
209.7,1;";"
211.76,1;";"
88.544,1;";"
72.129,1;";"
60.158,1;";"
115.4,1;";"
44.347,1;";"
65.828,1;";"
84.32,1;";"
107.87,1;";"
47.912,1;";"
72.16,1;";"
89.125,1;";"
86.473,1;";"
113.92,1;";"
76.318,1;";"
63.098,1;";"
89.185,1;";"
87.295,1;";"
93.171,1;";"
119.67,1;";"
95.487,1;";"
112.65,1;";"
88.371,1;";"
59.927,1;";"
126.24,1;";"
137.51,1;";"
79.045,1;";"
47.641,1;";"
59.495,1;";"
65.844,1;";"
59.474,1;";"
60.687,1;";"
120,1;";"
55.47,1;";"
41.812,1;";"
55.356,1;";"
70.801,1;";"
87.356,1;";"
203.61,1;";"
72.354,1;";"
191.15,1;";"
112.37,1;";"
85.881,1;";"
125.35,1;";"
86.319,1;";"
89.492,1;";"
100.2,1;";"
126.62,1;";"
119.1,1;";"
123.88,1;";"
126.77,1;";"
67.393,1;";"
118.74,1;";"
117.3,1;";"
157.21,1;";"
158.65,1;";"
91.38,1;";"
83.558,1;";"
123.97,1;";"
55.576,1;";"
58.156,1;";"
91.228,1;";"
87.313,1;";"
73.62,1;";"
86.394,1;";"
89.6,1;";"
124.27,1;";"
59.003,1;";"
124.35,1;";"
94.291,1;";"
123.84,1;";"
90,1;";"
124.85,1;";"
120.57,1;";"
133.57,1;";"
103.24,1;";"
111.88,1;";"
91.778,1;";"
137.06,1;";"
99.614,1;";"
92.561,1;";"
104.49,1;";"
73.358,1;";"
89.072,1;";"
140.66,1;";"
175.5,1;";"
107.47,1;";"
161.65,1;";"
131.02,1;";"
68.998,1;";"
120.37,1;";"
71.9,1;";"
37.181,1;";"
120.1,1;";"
133.57,1;";"
133.57,1;";"
123.01,1;";"
99.9,1;";"
162.89,1;";"
85.722,1;";"
136.38,1;";"
112.11,1;";"
105.21,1;";"
170.44,1;";"
83.205,1;";"
113.2,1;";"
169.46,1;";"
141.75,1;";"
166.61,1;";"
70.034,1;";"
169.66,1;";"
108.63,1;";"
98.951,1;";"
124.59,1;";"
76.088,1;";"
102.08,1;";"
94.007,1;";"
121.98,1;";"
138.02,1;";"
92.829,1;";"
142.88,1;";"
51.843,1;";"
114.22,1;";"
41.131,1;";"
70.676,1;";"
97.452,1;";"
105.15,1;";"
59.487,1;";"
70.876,1;";"
69.423,1;";"
100.63,1;";"
112.03,1;";"
71.024,1;";"
83.058,1;";"
113.86,1;";"
101.4,1;";"
92.367,1;";"
73.582,1;";"
90.858,1;";"
115.07,1;";"
80.171,1;";"
67.975,1;";"
88.197,1;";"
93.248,1;";"
130.75,1;";"
100.02,1;";"
133.2,1;";"
50.474,1;";"
91.551,1;";"
95.327,1;";"
104.07,1;";"
128.37,1;";"
131.2,1;";"
115.21,1;";"
157.04,1;";"
132.18,1;";"
132.51,1;";"
108.62,1;";"
115.12,1;";"
134.72,1;";"
133.43,1;";"
40.221,1;";"
77.992,1;";"
119.34,1;";"
90,1;";"
70.575,1;";"
67.724,1;";"
40.124,1;";"
71.225,1;";"
83.747,1;";"
52.134,1;";"
81.092,1;";"
61.54,1;";"
55.961,1;";"
76.55,1;";"
110.25,1;";"
166.4,1;";"
164.72,1;";"
60.57,1;";"
68.574,1;";"
68.962,1;";"
79.558,1;";"
85.553,1;";"
123.57,1;";"
64.064,1;";"
57.023,1;";"
53.433,1;";"
63.969,1;";"
33.846,1;";"
57.42,1;";"
58.631,1;";"
91.388,1;";"
37.85,1;";"
62.233,1;";"
117.16,1;";"
104.46,1;";"
61.314,1;";"
84.349,1;";"
121.16,1;";"
101.55,1;";"
98.109,1;";"
94.58,1;";"
94.682,1;";"
136.95,1;";"
110.34,1;";"
82.642,1;";"
85.096,1;";"
73.48,1;";"
111.73,1;";"
83.798,1;";"
85.213,1;";"
79.735,1;";"
216.45,1;";"
118.21,1;";"
122.29,1;";"
89.616,1;";"
93.876,1;";"
78.244,1;";"
89.847,1;";"
87.764,1;";"
45.386,1;";"
64.335,1;";"
106.72,1;";"
99.169,1;";"
104.41,1;";"
374.21,1;";"
320.02,1;";"
122.65,1;";"
219.61,1;";"
152.94,1;";"
92.308,1;";"
215.63,1;";"
125.34,1;";"
96.005,1;";"
113.47,1;";"
92.551,1;";"
88.543,1;";"
144.98,1;";"
161.04,1;";"
172.69,1;";"
91.885,1;";"
46.41,1;";"
82.935,1;";"
99.429,1;";"
88.277,1;";"
54.734,1;";"
111.75,1;";"
88.754,1;";"
23.556,1;";"
87.528,1;";"
68.91,1;";"
89.097,1;";"
39.208,1;";"
58.253,1;";"
89.265,1;";"
66.87,1;";"
84.147,1;";"
54.744,1;";"
51.215,1;";"
69.605,1;";"
69.993,1;";"
68.695,1;";"
68.695,1;";"
25.88,1;";"
71.439,1;";"
85.521,1;";"
51.366,1;";"
61.917,1;";"
61.927,1;";"
114.42,1;";"
167.78,1;";"
78.031,1;";"
89.49,1;";"
21.457,1;";"
46.41,1;";"
83.771,1;";"
99.086,1;";"
81.317,1;";"
85.933,1;";"
107.89,1;";"
125.97,1;";"
107.33,1;";"
86.165,1;";"
55.879,1;";"
86.734,1;";"
108.8,1;";"
71.801,1;";"
56.936,1;";"
115.41,1;";"
68.793,1;";"
56.098,1;";"
69.853,1;";"
92.163,1;";"
63.309,1;";"
55.723,1;";"
84.3,1;";"
66.085,1;";"
43.233,1;";"
87.724,1;";"
84.391,1;";"
68.047,1;";"
47.133,1;";"
104.15,1;";"
85.329,1;";"
43.63,1;";"
76.471,1;";"
44.01,1;";"
34.793,1;";"
86.582,1;";"
99.916,1;";"
129.53,1;";"
164.72,1;";"
80.003,1;";"
77.146,1;";"
62.997,1;";"
72.129,1;";"
189.99,1;";"
88.066,1;";"
71.906,1;";"
62.344,1;";"
57.756,1;";"
111.45,1;";"
89.174,1;";"
98.251,1;";"
97.012,1;";"
54.665,1;";"
72.798,1;";"
66.516,1;";"
125.83,1;";"
82.79,1;";"
50.574,1;";"
71.55,1;";"
69.207,1;";"
46.57,1;";"
46.019,1;";"
75.475,1;";"
81.283,1;";"
76.487,1;";"
141.41,1;";"
84.007,1;";"
199.15,1;";"
108.28,1;";"
76.763,1;";"
75.225,1;";"
64.073,1;";"
35.228,1;";"
78.829,1;";"
152.18,1;";"
119.96,1;";"
68.573,1;";"
69.143,1;";"
98.316,1;";"
110.96,1;";"
79.568,1;";"
117.45,1;";"
109.6,1;";"
56.164,1;";"
76.058,1;";"
129.02,1;";"
30.184,1;";"
56.431,1;";"
43.812,1;";"
88.897,1;";"
84.578,1;";"
103,1;";"
38.517,1;";"
88.317,1;";"
89.966,1;";"
62.543,1;";"
91.177,1;";"
92.954,1;";"
38.079,1;";"
66.519,1;";"
141.13,1;";"
80.631,1;";"
37.083,1;";"
48.235,1;";"
97.636,1;";"
85.626,1;";"
62.535,1;";"
77.487,1;";"
47.575,1;";"
79.857,1;";"
75.744,1;";"
74.511,1;";"
64.856,1;";"
79.621,1;";"
90.029,1;";"
40.744,1;";"
115.5,1;";"
130.74,1;";"
107.95,1;";"
73.092,1;";"
45.052,1;";"
45.359,1;";"
41.151,1;";"
55.292,1;";"
78.202,1;";"
65.487,1;";"
63.448,1;";"
42.238,1;";"
100.1,1;";"
341.88,1;";"
62.615,1;";"
56.014,1;";"
127.09,1;";"
129.63,1;";"
39.898,1;";"
43.893,1;";"
42.842,1;";"
77.304,1;";"
73.035,1;";"
66.614,1;";"
100.07,1;";"
109.98,1;";"
60.961,1;";"
75.717,1;";"
101.41,1;";"
103.69,1;";"
37.41,1;";"
40.437,1;";"
53.476,1;";"
64.485,1;";"
48.834,1;";"
48.259,1;";"
49.245,1;";"
56.515,1;";"
101.42,1;";"
100.74,1;";"
42.967,1;";"
65.844,1;";"
37.538,1;";"
38.88,1;";"
65.576,1;";"
90.849,1;";"
61.184,1;";"
60.692,1;";"
31.167,1;";"
69.31,1;";"
67.336,1;";"
78.625,1;";"
56.285,1;";"
36.628,1;";"
91.273,1;";"
20.424,1;";"
66.119,1;";"
50.488,1;";"
115.88,1;";"
124.26,1;";"
79.877,1;";"
40.729,1;";"
85.264,1;";"
94.834,1;";"
67.303,1;";"
72.269,1;";"
138.74,1;";"
39.595,1;";"
27.996,1;";"
102.48,1;";"
89.413,1;";"
73.844,1;";"
112.24,1;";"
75.572,1;";"
119.36,1;";"
71.625,1;";"
115.3,1;";"
97.468,1;";"
124.06,1;";"
28.414,1;";"
103.6,1;";"
110.06,1;";"
29,1;";"
115.54,1;";"
115.67,1;";"
40.335,1;";"
63.748,1;";"
81.412,1;";"
61.13,1;";"
89.582,1;";"
96.032,1;";"
98.991,1;";"
93.014,1;";"
112.03,1;";"
88.262,1;";"
82.506,1;";"
73.522,1;";"
136.9,1;";"
91.34,1;";"
80.898,1;";"
79.783,1;";"
93.351,1;";"
65.956,1;";"
66.558,1;";"
92.26,1;";"
69.446,1;";"
102.27,1;";"
91.111,1;";"
82.291,1;";"
81.098,1;";"
90,1;";"
55.744,1;";"
59.878,1;";"
90,1;";"
114,1;";"
130.48,1;";"
110.72,1;";"
107.62,1;";"
92.846,1;";"
164.26,1;";"
98.551,1;";"
41.567,1;";"
118.05,1;";"
90.314,1;";"
95.924,1;";"
140,1;";"
95.803,1;";"
61.11,1;";"
77.004,1;";"
56.955,1;";"
67.536,1;";"
106.43,1;";"
92.558,1;";"
53.976,1;";"
33.779,1;";"
71.037,1;";"
67.075,1;";"
61.736,1;";"
49.426,1;";"
81.791,1;";"
74.735,1;";"
57.82,1;";"
80.244,1;";"
72.241,1;";"
67.94,1;";"
87.581,1;";"
73.682,1;";"
113,1;";"
90.403,1;";"
96.084,1;";"
108.45,1;";"
123.3,1;";"
104.65,1;";"
55.77,1;";"
64.214,1;";"
70.152,1;";"
113.5,1;";"
113.66,1;";"
104.01,1;";"
116.35,1;";"
177.08,1;";"
52.421,1;";"
50.154,1;";"
43.555,1;";"
87.907,1;";"
140,1;";"
85.425,1;";"
76.489,1;";"
55.308,1;";"
77.586,1;";"
57.077,1;";"
75.503,1;";"
68.27,1;";"
153.95,1;";"
56.695,1;";"
103.43,1;";"
60.49,1;";"
91.339,1;";"
97.292,1;";"
56.752,1;";"
74.995,1;";"
55.613,1;";"
53.314,1;";"
90,1;";"
86.987,1;";"
89.08,1;";"
74.115,1;";"
31.01,1;";"
60.264,1;";"
74.574,1;";"
62.786,1;";"
59.976,1;";"
57.357,1;";"
66.333,1;";"
83.025,1;";"
124.95,1;";"
58.142,1;";"
100.04,1;";"
70.299,1;";"
96.973,1;";"
47.175,1;";"
63.738,1;";"
67.85,1;";"
115.42,1;";"
44.407,1;";"
84.605,1;";"
116.24,1;";"
142.37,1;";"
102.69,1;";"
84.221,1;";"
122.65,1;";"
138.32,1;";"
93.689,1;";"
98.495,1;";"
64.012,1;";"
72.877,1;";"
95.47,1;";"
107.71,1;";"
89.032,1;";"
48.982,1;";"
114,1;";"
114,1;";"
103.69,1;";"
112.27,1;";"
58.387,1;";"
81.655,1;";"
67.85,1;";"
59.075,1;";"
72.804,1;";"
46.444,1;";"
48.049,1;";"
74.645,1;";"
78.235,1;";"
63.845,1;";"
41.355,1;";"
73.385,1;";"
60.726,1;";"
74.281,1;";"
64.439,1;";"
89.127,1;";"
48.004,1;";"
93.143,1;";"
60.384,1;";"
79.488,1;";"
49.446,1;";"
92.896,1;";"
74.776,1;";"
26.906,1;";"
77.807,1;";"
44.466,1;";"
62.618,1;";"
57.048,1;";"
111.03,1;";"
101.87,1;";"
114,1;";"
72.497,1;";"
73.519,1;";"
64.513,1;";"
67.851,1;";"
79.204,1;";"
94.838,1;";"
62.205,1;";"
70.665,1;";"
90.984,1;";"
71.04,1;";"
110.1,1;";"
76.869,1;";"
49.51,1;";"
59.678,1;";"
63.077,1;";"
81.545,1;";"
86.966,1;";"
60.017,1;";"
75.812,1;";"
53.665,1;";"
111.91,1;";"
84.421,1;";"
22.624,1;";"
24.837,1;";"
31.357,1;";"
73.659,1;";"
129.17,1;";"
80.23,1;";"
79.206,1;";"
74.218,1;";"
87.091,1;";"
76.62,1;";"
107.71,1;";"
139,1;";"
87.57,1;";"
56.533,1;";"
86.698,1;";"
80.885,1;";"
101.42,1;";"
103.54,1;";"
109.25,1;";"
107.56,1;";"
120.42,1;";"
57.502,1;";"
28.625,1;";"
39.04,1;";"
46.384,1;";"
119.87,1;";"
90.335,1;";"
60.514,1;";"
80.308,1;";"
86.983,1;";"
49.567,1;";"
78.612,1;";"
109.57,1;";"
63.133,1;";"
68.53,1;";"
80.037,1;";"
95.137,1;";"
137.49,1;";"
75.411,1;";"
195.26,1;";"
29.294,1;";"
31.155,1;";"
115.46,1;";"
98.974,1;";"
86.645,1;";"
67.033,1;";"
38.761,1;";"
41.974,1;";"
112.66,1;";"
69.308,1;";"
121.08,1;";"
67.032,1;";"
96.596,1;";"
66.804,1;";"
57,1;";"
55.577,1;";"
95.918,1;";"
59.241,1;";"
90.665,1;";"
74.066,1;";"
98.627,1;";"
89.247,1;";"
50.246,1;";"
141.34,1;";"
114,1;";"
100.97,1;";"
78.571,1;";"
75.935,1;";"
104.94,1;";"
92.025,1;";"
81.274,1;";"
140,1;";"
114,1;";"
72.221,1;";"
75.52,1;";"
80.328,1;";"
140,1;";"
82.073,1;";"
106.63,1;";"
90.753,1;";"
77.117,1;";"
78.327,1;";"
111.57,1;";"
67.603,1;";"
72.021,1;";"
93.933,1;";"
68.123,1;";"
85.633,1;";"
135.23,1;";"
125,1;";"
64.045,1;";"
55.438,1;";"
114,1;";"
39.919,1;";"
48.245,1;";"
56.909,1;";"
139.58,1;";"
54.589,1;";"
67.688,1;";"
106.79,1;";"
140,1;";"
139.47,1;";"
75.296,1;";"
65.161,1;";"
74.272,1;";"
55.494,1;";"
57,1;";"
123.43,1;";"
121.51,1;";"
86.773,1;";"
116.98,1;";"
140,1;";"
112.67,1;";"
57.092,1;";"
68.273,1;";"
75.958,1;";"
122.26,1;";"
89.163,1;";"
122.38,1;";"
76.096,1;";"
72.851,1;";"
72.907,1;";"
85.017,1;";"
70.415,1;";"
72.907,1;";"
141.51,1;";"
107.17,1;";"
90.418,1;";"
90.837,1;";"
79.458,1;";"
73.396,1;";"
140,1;";"
71.491,1;";"
117.77,1;";"
49.911,1;";"
106.35,1;";"
143.29,1;";"
91.341,1;";"
60.538,1;";"
69.688,1;";"
120,1;";"
141.09,1;";"
66.119,1;";"
70.436,1;";"
138.91,1;";"
68.413,1;";"
112.49,1;";"
114,1;";"
70.806,1;";"
82.733,1;";"
76.665,1;";"
120.33,1;";"
58.302,1;";"
111.15,1;";"
141.66,1;";"
90.586,1;";"
103.81,1;";"
112.87,1;";"
115.54,1;";"
80.873,1;";"
112.66,1;";"
127.62,1;";"
115.16,1;";"
79.615,1;";"
95.026,1;";"
69.633,1;";"
78.906,1;";"
103.39,1;";"
119.41,1;";"
54.14,1;";"
59.989,1;";"
93.348,1;";"
42.636,1;";"
59.392,1;";"
140,1;";"
100.81,1;";"
86.628,1;";"
34.809,1;";"
174.41,1;";"
78.038,1;";"
106.35,1;";"
137.26,1;";"
88.744,1;";"
106.28,1;";"
137.74,1;";"
107.13,1;";"
149.26,1;";"
101.14,1;";"
140,1;";"
134.98,1;";"
48.571,1;";"
72.835,1;";"
88.747,1;";"
90,1;";"
139.8,1;";"
140.79,1;";"
140,1;";"
76.229,1;";"
142.51,1;";"
68.962,1;";"
137.06,1;";"
41.613,1;";"
111.91,1;";"
74.169,1;";"
87.657,1;";"
114.6,1;";"
74.652,1;";"
78.826,1;";"
166.06,1;";"
102.11,1;";"
141.59,1;";"
130.29,1;";"
69.965,1;";"
107.22,1;";"
80.944,1;";"
106.71,1;";"
79.994,1;";"
86.721,1;";"
109.44,1;";"
102.4,1;";"
135.17,1;";"
83.816,1;";"
103.62,1;";"
81.187,1;";"
98.384,1;";"
86.932,1;";"
75.016,1;";"
85.154,1;";"
139.66,1;";"
139.41,1;";"
71.658,1;";"
101.68,1;";"
79.445,1;";"
84.327,1;";"
66.958,1;";"
61.393,1;";"
111.7,1;";"
73.685,1;";"
60.308,1;";"
63.683,1;";"
91.423,1;";"
99.856,1;";"
101.6,1;";"
91.674,1;";"
143.34,1;";"
79.391,1;";"
42.867,1;";"
53.815,1;";"
140,1;";"
135.81,1;";"
70.978,1;";"
68.579,1;";"
137.32,1;";"
68.412,1;";"
152.99,1;";"
144.38,1;";"
105.5,1;";"
93.161,1;";"
85.507,1;";"
105.6,1;";"
94.629,1;";"
140.59,1;";"
97.006,1;";"
96.298,1;";"
122.77,1;";"
58.441,1;";"
92.367,1;";"
85.58,1;";"
103.02,1;";"
88.782,1;";"
90.476,1;";"
76.688,1;";"
88.995,1;";"
120,1;";"
65.21,1;";"
67.766,1;";"
100.27,1;";"
108.14,1;";"
140,1;";"
76.754,1;";"
62.324,1;";"
136.36,1;";"
80.644,1;";"
76.236,1;";"
121.68,1;";"
58.422,1;";"
61.614,1;";"
70.146,1;";"
72.614,1;";"
98.995,1;";"
66.306,1;";"
74.806,1;";"
139.41,1;";"
80.567,1;";"
142.51,1;";"
88.996,1;";"
101.83,1;";"
121.13,1;";"
88.542,1;";"
109.65,1;";"
96.159,1;";"
138.74,1;";"
123.92,1;";"
84.066,1;";"
93.54,1;";"
139.98,1;";"
94.04,1;";"
90,1;";"
82.887,1;";"
80.377,1;";"
81.195,1;";"
89.334,1;";"
72.894,1;";"
154.52,1;";"
137.64,1;";"
94.719,1;";"
76.809,1;";"
65.861,1;";"
134.8,1;";"
72.513,1;";"
82.986,1;";"
38.68,1;";"
46.754,1;";"
127.35,1;";"
87.86,1;";"
120,1;";"
63.608,1;";"
40.369,1;";"
62.584,1;";"
16.908,1;";"
88.241,1;";"
88.03,1;";"
130.47,1;";"
67.214,1;";"
91.722,1;";"
113.81,1;";"
48.702,1;";"
47.728,1;";"
26.906,1;";"
24.868,1;";"
28.066,1;";"
20.675,1;";"
30.174,1;";"
58.655,1;";"
88.101,1;";"
77.349,1;";"
197.45,1;";"
80.836,1;";"
57,1;";"
55.829,1;";"
79.714,1;";"
90.627,1;";"
19,1;";"
88.83,1;";"
64.72,1;";"
77.913,1;";"
23.184,1;";"
32.711,1;";"
128.07,1;";"
87.411,1;";"
107.92,1;";"
96.227,1;";"
90.251,1;";"
114.84,1;";"
53.761,1;";"
83.134,1;";"
105.57,1;";"
80.744,1;";"
32.229,1;";"
106.81,1;";"
75.039,1;";"
42.81,1;";"
142.64,1;";"
39.097,1;";"
98.972,1;";"
39.594,1;";"
278.44,1;";"
217.23,1;";"
85.785,1;";"
86.292,1;";"
98.794,1;";"
54.32,1;";"
55.912,1;";"
40.339,1;";"
46.06,1;";"
84.665,1;";"
20.663,1;";"
38.29,1;";"
80.505,1;";"
114.88,1;";"
57.912,1;";"
72.731,1;";"
113.33,1;";"
79.697,1;";"
41.732,1;";"
201.87,1;";"
156.58,1;";"
133.12,1;";"
86.849,1;";"
108.94,1;";"
39.527,1;";"
61.692,1;";"
117.26,1;";"
37.926,1;";"
41.864,1;";"
51.36,1;";"
86.414,1;";"
228.66,1;";"
229,1;";"
229,1;";"
100.8,1;";"
82.421,1;";"
116.13,1;";"
118.33,1;";"
110.76,1;";"
115.52,1;";"
95.379,1;";"
120,1;";"
59.627,1;";"
55.93,1;";"
60.485,1;";"
122.86,1;";"
109.15,1;";"
120.71,1;";"
118.62,1;";"
133.4,1;";"
115.67,1;";"
67.043,1;";"
82.786,1;";"
107.05,1;";"
90.022,1;";"
87.778,1;";"
91.071,1;";"
121.98,1;";"
123.6,1;";"
90.047,1;";"
111.52,1;";"
103.96,1;";"
108.74,1;";"
114.83,1;";"
71.866,1;";"
72.637,1;";"
71.524,1;";"
70.985,1;";"
77.399,1;";"
60.896,1;";"
55.018,1;";"
46.871,1;";"
62.89,1;";"
72.89,1;";"
37.526,1;";"
54.329,1;";"
60.116,1;";"
87.259,1;";"
79.637,1;";"
95.843,1;";"
82.537,1;";"
56.835,1;";"
118.76,1;";"
104.83,1;";"
61.894,1;";"
73.688,1;";"
87.84,1;";"
58.858,1;";"
58.516,1;";"
128.36,1;";"
126.87,1;";"
72.34,1;";"
62.484,1;";"
55.391,1;";"
85.908,1;";"
62.879,1;";"
38.625,1;";"
97.49,1;";"
148.05,1;";"
78.529,1;";"
69.405,1;";"
72.864,1;";"
76.13,1;";"
105.57,1;";"
62.027,1;";"
114.14,1;";"
118.67,1;";"
97.535,1;";"
75.528,1;";"
127.66,1;";"
56.106,1;";"
86.727,1;";"
121.63,1;";"
119.11,1;";"
115.93,1;";"
142.52,1;";"
63.495,1;";"
75.612,1;";"
85.657,1;";"
95.193,1;";"
93.291,1;";"
78.177,1;";"
60.682,1;";"
61.081,1;";"
86.755,1;";"
62.789,1;";"
95.263,1;";"
69.059,1;";"
114.87,1;";"
108.77,1;";"
80.509,1;";"
66.061,1;";"
117.31,1;";"
81.894,1;";"
140,1;";"
93.35,1;";"
90,1;";"
125.15,1;";"
59.988,1;";"
60.277,1;";"
43.964,1;";"
65.151,1;";"
50.311,1;";"
56.121,1;";"
88.912,1;";"
73.629,1;";"
43.822,1;";"
51.979,1;";"
70.418,1;";"
77,1;";"
51.979,1;";"
51.979,1;";"
56.498,1;";"
73.203,1;";"
91.462,1;";"
71.106,1;";"
66.935,1;";"
81.355,1;";"
86.763,1;";"
87.789,1;";"
33.748,1;";"
65.87,1;";"
103.36,1;";"
115.51,1;";"
79.183,1;";"
103.56,1;";"
59.512,1;";"
74.359,1;";"
59.934,1;";"
69.888,1;";"
93.91,1;";"
104.08,1;";"
66.568,1;";"
86.368,1;";"
78.17,1;";"
99.636,1;";"
69.978,1;";"
134.25,1;";"
86.315,1;";"
58.808,1;";"
139,1;";"
83.753,1;";"
140,1;";"
55.505,1;";"
63.956,1;";"
59.144,1;";"
90,1;";"
145.53,1;";"
140,1;";"
82.152,1;";"
76.725,1;";"
57.958,1;";"
139.41,1;";"
85.329,1;";"
29,1;";"
89.334,1;";"
84.491,1;";"
117.74,1;";"
103.37,1;";"
113.2,1;";"
141.51,1;";"
141.92,1;";"
82.116,1;";"
82.386,1;";"
87.436,1;";"
90,1;";"
88.568,1;";"
84.941,1;";"
140,1;";"
40.872,1;";"
51.044,1;";"
62.434,1;";"
114,1;";"
114,1;";"
114,1;";"
108.14,1;";"
121.1,1;";"
101.1,1;";"
90,1;";"
61.974,1;";"
59.636,1;";"
72.864,1;";"
80.347,1;";"
119.08,1;";"
85.379,1;";"
85.885,1;";"
131.81,1;";"
98.967,1;";"
80.35,1;";"
92.242,1;";"
147.93,1;";"
43.038,1;";"
99.93,1;";"
162.3,1;";"
84.455,1;";"
128.53,1;";"
90.859,1;";"
71.81,1;";"
90,1;";"
41.537,1;";"
55.859,1;";"
67.613,1;";"
99.206,1;";"
75.362,1;";"
138.33,1;";"
58.255,1;";"
60.377,1;";"
78.151,1;";"
100.22,1;";"
111.49,1;";"
114,1;";"
107.15,1;";"
136.65,1;";"
138.33,1;";"
113.58,1;";"
64.968,1;";"
106.43,1;";"
87.747,1;";"
62.688,1;";"
64.674,1;";"
139.83,1;";"
141.26,1;";"
105.44,1;";"
80.684,1;";"
139.75,1;";"
140,1;";"
116.86,1;";"
108.36,1;";"
85.719,1;";"
141.51,1;";"
141.76,1;";"
112.01,1;";"
61.271,1;";"
64.224,1;";"
113.58,1;";"
110.65,1;";"
113.16,1;";"
114,1;";"
107.72,1;";"
114,1;";"
114,1;";"
113.83,1;";"
114,1;";"
114,1;";"
114,1;";"
77.395,1;";"
84.67,1;";"
109.31,1;";"
67.714,1;";"
91.872,1;";"
80.551,1;";"
70.293,1;";"
70.705,1;";"
61.831,1;";"
81.269,1;";"
67.346,1;";"
54.196,1;";"
48.996,1;";"
60.223,1;";"
56.277,1;";"
75.336,1;";"
64.813,1;";"
88.19,1;";"
84.245,1;";"
120,1;";"
101.87,1;";"
117.94,1;";"
94.273,1;";"
54.174,1;";"
41.135,1;";"
108.34,1;";"
131.23,1;";"
95.407,1;";"
112.32,1;";"
60.101,1;";"
36.815,1;";"
48.574,1;";"
113.81,1;";"
101.13,1;";"
93.425,1;";"
92.642,1;";"
12.581,1;";"
79.289,1;";"
65.883,1;";"
83.806,1;";"
68.104,1;";"
51.677,1;";"
73.526,1;";"
112.59,1;";"
106.59,1;";"
120.77,1;";"
120.51,1;";"
51.511,1;";"
74.566,1;";"
38.517,1;";"
55.119,1;";"
48.9,1;";"
31.571,1;";"
77.832,1;";"
100.6,1;";"
118.71,1;";"
99.586,1;";"
70.57,1;";"
76.101,1;";"
77.403,1;";"
74.655,1;";"
94.569,1;";"
64.355,1;";"
87.147,1;";"
76.863,1;";"
87.26,1;";"
129.3,1;";"
99.08,1;";"
109.06,1;";"
116.36,1;";"
57.817,1;";"
101.64,1;";"
74.994,1;";"
60.942,1;";"
53.096,1;";"
65.224,1;";"
78.699,1;";"
65.469,1;";"
66.666,1;";"
69.979,1;";"
64.556,1;";"
60.77,1;";"
84.031,1;";"
78.601,1;";"
119.31,1;";"
92.216,1;";"
126.95,1;";"
131.7,1;";"
129.31,1;";"
99.684,1;";"
87.695,1;";"
42.129,1;";"
42.961,1;";"
67.036,1;";"
59.609,1;";"
122.46,1;";"
112.08,1;";"
137.45,1;";"
90.105,1;";"
61.977,1;";"
50.027,1;";"
111.25,1;";"
88.889,1;";"
117.67,1;";"
94.357,1;";"
61.424,1;";"
54.839,1;";"
81.004,1;";"
97.965,1;";"
103.02,1;";"
105.72,1;";"
130.29,1;";"
60.279,1;";"
87.439,1;";"
88.114,1;";"
89.811,1;";"
71.591,1;";"
53.868,1;";"
72.955,1;";"
100.73,1;";"
160.56,1;";"
110.57,1;";"
88.425,1;";"
9.485,1;";"
121.92,1;";"
53.005,1;";"
59.594,1;";"
60.177,1;";"
85.389,1;";"
304.64,1;";"
115.01,1;";"
60.11,1;";"
114.84,1;";"
97.095,1;";"
84.199,1;";"
58.341,1;";"
59.912,1;";"
87.652,1;";"
75.733,1;";"
92.405,1;";"
60.973,1;";"
68.56,1;";"
79.624,1;";"
67.093,1;";"
77.609,1;";"
39.68,1;";"
61.711,1;";"
64.286,1;";"
56.883,1;";"
67.105,1;";"
128.01,1;";"
81.193,1;";"
75.116,1;";"
77.246,1;";"
66.663,1;";"
102.91,1;";"
67.91,1;";"
96.43,1;";"
86.163,1;";"
59.956,1;";"
68.598,1;";"
37.642,1;";"
41.168,1;";"
45.592,1;";"
52.528,1;";"
42.969,1;";"
13.606,1;";"
56.836,1;";"
92.803,1;";"
75.787,1;";"
111.16,1;";"
74.977,1;";"
107.77,1;";"
124.61,1;";"
35.354,1;";"
57.662,1;";"
89.162,1;";"
91.342,1;";"
80.75,1;";"
105.09,1;";"
63.148,1;";"
57.208,1;";"
65.553,1;";"
86.734,1;";"
114.84,1;";"
115.82,1;";"
79.198,1;";"
120.55,1;";"
80.702,1;";"
81.466,1;";"
116.14,1;";"
65.775,1;";"
79.091,1;";"
80.32,1;";"
82.574,1;";"
27.201,1;";"
25.75,1;";"
29.982,1;";"
137.49,1;";"
101.78,1;";"
61.255,1;";"
38.686,1;";"
82,1;";"
79.931,1;";"
127.41,1;";"
71.214,1;";"
73.971,1;";"
27.086,1;";"
41.032,1;";"
52.941,1;";"
73.918,1;";"
73.208,1;";"
23.872,1;";"
41.348,1;";"
48,1;";"
51.707,1;";"
69,1;";"
121.2,1;";"
61.51,1;";"
67.134,1;";"
61.407,1;";"
49.19,1;";"
54.278,1;";"
118.85,1;";"
120.03,1;";"
80.341,1;";"
74.56,1;";"
61.036,1;";"
38.291,1;";"
67.858,1;";"
33.658,1;";"
40.225,1;";"
72.873,1;";"
47.477,1;";"
53.639,1;";"
48.181,1;";"
74.395,1;";"
37.184,1;";"
46.042,1;";"
26.541,1;";"
31.3,1;";"
42.596,1;";"
88.599,1;";"
67.526,1;";"
42.986,1;";"
75.672,1;";"
63.966,1;";"
47.18,1;";"
40.634,1;";"
28.103,1;";"
71.335,1;";"
53.407,1;";"
62.06,1;";"
66.5,1;";"
33.222,1;";"
30.021,1;";"
36.89,1;";"
82.644,1;";"
107.96,1;";"
72.921,1;";"
43.121,1;";"
49.728,1;";"
88.05,1;";"
63.592,1;";"
125.83,1;";"
47.038,1;";"
59.352,1;";"
73.852,1;";"
54.376,1;";"
79.353,1;";"
75.509,1;";"
38.596,1;";"
110.63,1;";"
82.98,1;";"
49.385,1;";"
75.595,1;";"
66.78,1;";"
68.965,1;";"
53.213,1;";"
55.517,1;";"
57.673,1;";"
44.406,1;";"
48.454,1;";"
47.355,1;";"
59.323,1;";"
56.454,1;";"
98.82,1;";"
58.45,1;";"
69.828,1;";"
41.719,1;";"
40.873,1;";"
43.906,1;";"
206.58,1;";"
110.96,1;";"
67.37,1;";"
71.227,1;";"
77.08,1;";"
48.598,1;";"
44.108,1;";"
55.809,1;";"
52.393,1;";"
69.41,1;";"
82.539,1;";"
39.227,1;";"
33.801,1;";"
98.586,1;";"
24.054,1;";"
119.05,1;";"
116.01,1;";"
110.19,1;";"
115.11,1;";"
60.774,1;";"
140.48,1;";"
187.59,1;";"
147.85,1;";"
148.2,1;";"
66.874,1;";"
134.89,1;";"
41.613,1;";"
49.629,1;";"
40.994,1;";"
82.897,1;";"
78,1;";"
82.487,1;";"
20.258,1;";"
62.623,1;";"
71.882,1;";"
68.495,1;";"
71.304,1;";"
49.204,1;";"
124.26,1;";"
125.01,1;";"
57.828,1;";"
121.8,1;";"
66.913,1;";"
146.12,1;";"
83.891,1;";"
77.399,1;";"
86.831,1;";"
122.49,1;";"
100.03,1;";"
89.102,1;";"
103.9,1;";"
127.59,1;";"
54.631,1;";"
117.59,1;";"
64.305,1;";"
88.017,1;";"
61.784,1;";"
79.061,1;";"
76.119,1;";"
88.732,1;";"
56.307,1;";"
87.029,1;";"
106.6,1;";"
69.937,1;";"
75.591,1;";"
61.628,1;";"
67.067,1;";"
115.85,1;";"
51.907,1;";"
96.298,1;";"
76.773,1;";"
86.039,1;";"
103.71,1;";"
98.827,1;";"
85.365,1;";"
62.441,1;";"
48.65,1;";"
66.379,1;";"
43.494,1;";"
83.878,1;";"
102.27,1;";"
90.515,1;";"
99.244,1;";"
113.44,1;";"
83.212,1;";"
93.033,1;";"
104.84,1;";"
177.47,1;";"
116.21,1;";"
140.89,1;";"
127.47,1;";"
150.9,1;";"
104.66,1;";"
123.86,1;";"
131.59,1;";"
87.177,1;";"
89.986,1;";"
123.43,1;";"
71.294,1;";"
77.57,1;";"
123,1;";"
77.154,1;";"
164.65,1;";"
136.96,1;";"
161.98,1;";"
132.58,1;";"
100.31,1;";"
102.86,1;";"
56.032,1;";"
82.366,1;";"
117.16,1;";"
79.024,1;";"
74.413,1;";"
53.838,1;";"
74.73,1;";"
76.724,1;";"
68.847,1;";"
126.82,1;";"
86.575,1;";"
67.796,1;";"
149.09,1;";"
180.45,1;";"
90.341,1;";"
97.359,1;";"
91.103,1;";"
68.129,1;";"
91.699,1;";"
79.448,1;";"
97.815,1;";"
84.968,1;";"
99.852,1;";"
85.793,1;";"
94.451,1;";"
102,1;";"
89.938,1;";"
109.26,1;";"
89.963,1;";"
76.382,1;";"
64.013,1;";"
132.13,1;";"
92.769,1;";"
87.065,1;";"
120,1;";"
125.61,1;";"
116.12,1;";"
121.32,1;";"
55.926,1;";"
78.632,1;";"
83.492,1;";"
116.47,1;";"
113.76,1;";"
127.17,1;";"
48.481,1;";"
48.191,1;";"
125.12,1;";"
38.216,1;";"
113.99,1;";"
46.104,1;";"
115.44,1;";"
63.193,1;";"
105.57,1;";"
78,1;";"
73.725,1;";"
76.125,1;";"
77.741,1;";"
73.337,1;";"
59.782,1;";"
66.409,1;";"
68.031,1;";"
112.02,1;";"
113.43,1;";"
98.335,1;";"
103.62,1;";"
98.756,1;";"
142.41,1;";"
86.243,1;";"
66.027,1;";"
88.014,1;";"
104.29,1;";"
75.509,1;";"
59.33,1;";"
102.73,1;";"
92.149,1;";"
99.638,1;";"
86.068,1;";"
127.49,1;";"
46.54,1;";"
110.05,1;";"
94.165,1;";"
120,1;";"
44.549,1;";"
90.83,1;";"
201.16,1;";"
107.13,1;";"
84.753,1;";"
122.14,1;";"
135.92,1;";"
76.219,1;";"
69.993,1;";"
72.261,1;";"
68.205,1;";"
51.097,1;";"
59.625,1;";"
77.793,1;";"
63.636,1;";"
84.03,1;";"
77.826,1;";"
90.884,1;";"
70.337,1;";"
131.56,1;";"
154.94,1;";"
93.684,1;";"
142.74,1;";"
152.92,1;";"
50.463,1;";"
107.03,1;";"
83.225,1;";"
138.2,1;";"
87.667,1;";"
98.837,1;";"
102.68,1;";"
111.59,1;";"
148.48,1;";"
121.59,1;";"
60.348,1;";"
80.13,1;";"
68.958,1;";"
45.832,1;";"
82.096,1;";"
124.1,1;";"
121.58,1;";"
141.88,1;";"
89.194,1;";"
69.521,1;";"
24.658,1;";"
149.99,1;";"
86.025,1;";"
94.532,1;";"
76.88,1;";"
131.73,1;";"
53.5,1;";"
36.373,1;";"
113.9,1;";"
22.459,1;";"
71.962,1;";"
75.532,1;";"
176.08,1;";"
64.854,1;";"
79.987,1;";"
52.887,1;";"
67.5,1;";"
33.5,1;";"
52.332,1;";"
174.35,1;";"
49.327,1;";"
34.061,1;";"
67.777,1;";"
121.02,1;";"
117.2,1;";"
118.5,1;";"
84.547,1;";"
66.45,1;";"
125.59,1;";"
35.623,1;";"
84.321,1;";"
73.717,1;";"
100.62,1;";"
53.631,1;";"
65.58,1;";"
69.22,1;";"
82.814,1;";"
214.37,1;";"
98.933,1;";"
40.164,1;";"
63.5,1;";"
58.331,1;";"
75.891,1;";"
90.571,1;";"
31.844,1;";"
42.063,1;";"
38.181,1;";"
99.523,1;";"
117.05,1;";"
49.32,1;";"
72.2,1;";"
62.834,1;";"
68.833,1;";"
111.8,1;";"
135.2,1;";"
140.12,1;";"
31.235,1;";"
47.588,1;";"
41.644,1;";"
81.607,1;";"
116,1;";"
118.52,1;";"
36.34,1;";"
77.929,1;";"
88.705,1;";"
19,1;";"
32,1;";"
55,1;";"
46,1;";"
116.8,1;";"
98.006,1;";"
138.1,1;";"
143.05,1;";"
63.463,1;";"
77.273,1;";"
63.675,1;";"
37.388,1;";"
133.43,1;";"
183.78,1;";"
117.39,1;";"
94.625,1;";"
77.63,1;";"
70.9,1;";"
46.094,1;";"
48.236,1;";"
67.288,1;";"
74.815,1;";"
78.51,1;";"
60.96,1;";"
141.32,1;";"
172.02,1;";"
142.83,1;";"
121.55,1;";"
89.88,1;";"
71.411,1;";"
145.27,1;";"
81.97,1;";"
134.82,1;";"
110.44,1;";"
112.13,1;";"
49.336,1;";"
105.52,1;";"
143.03,1;";"
43.617,1;";"
105.43,1;";"
119.26,1;";"
96.381,1;";"
71.554,1;";"
69.372,1;";"
72.856,1;";"
113.66,1;";"
23.25,1;";"
28.278,1;";"
63.581,1;";"
107.1,1;";"
108.75,1;";"
158.29,1;";"
143.8,1;";"
146,1;";"
114,1;";"
113.7,1;";"
185.4,1;";"
187.57,1;";"
179.94,1;";"
138.33,1;";"
64.777,1;";"
72.143,1;";"
71.023,1;";"
104.97,1;";"
72.064,1;";"
110.99,1;";"
80.587,1;";"
87.171,1;";"
38.872,1;";"
74.005,1;";"
59.033,1;";"
58.584,1;";"
136.76,1;";"
47.472,1;";"
43.343,1;";"
32.287,1;";"
46.054,1;";"
108.64,1;";"
107.71,1;";"
29.109,1;";"
182.91,1;";"
88.257,1;";"
88.7,1;";"
87.045,1;";"
99.292,1;";"
94.364,1;";"
97.271,1;";"
79.211,1;";"
91.635,1;";"
81.265,1;";"
261,1;";"
110.19,1;";"
166.77,1;";"
262.08,1;";"
176.89,1;";"
113.78,1;";"
139.2,1;";"
144.01,1;";"
60.881,1;";"
63.993,1;";"
100.53,1;";"
124.38,1;";"
97.539,1;";"
106.19,1;";"
111.9,1;";"
139.82,1;";"
173.63,1;";"
112.54,1;";"
105.87,1;";"
97.964,1;";"
113.76,1;";"
79.75,1;";"
102.06,1;";"
109.31,1;";"
109.97,1;";"
78.008,1;";"
87.206,1;";"
136.3,1;";"
79.506,1;";"
71.971,1;";"
91.301,1;";"
85.808,1;";"
142.14,1;";"
96.453,1;";"
156.8,1;";"
139.61,1;";"
107.4,1;";"
107.8,1;";"
100.69,1;";"
137,1;";"
225.65,1;";"
142.76,1;";"
88.83,1;";"
117.19,1;";"
108.35,1;";"
177.17,1;";"
158.72,1;";"
102.11,1;";"
137.26,1;";"
163.55,1;";"
158.49,1;";"
101.51,1;";"
101.53,1;";"
124.72,1;";"
106.86,1;";"
22.132,1;";"
33.677,1;";"
45.267,1;";"
147.2,1;";"
71.9,1;";"
146.59,1;";"
111.4,1;";"
123.2,1;";"
125.4,1;";"
125.1,1;";"
43.105,1;";"
52.426,1;";"
77.119,1;";"
67.696,1;";"
93.54,1;";"
121,1;";"
48.836,1;";"
47.504,1;";"
95.267,1;";"
40.905,1;";"
40.192,1;";"
59.406,1;";"
68,1;";"
70.771,1;";"
67.077,1;";"
135.62,1;";"
252.04,1;";"
50.896,1;";"
64.948,1;";"
90.512,1;";"
93.476,1;";"
28.424,1;";"
71.437,1;";"
78.028,1;";"
84.384,1;";"
57.61,1;";"
110,1;";"
116.72,1;";"
81.331,1;";"
81.5,1;";"
89.394,1;";"
88.081,1;";"
97.792,1;";"
50.862,1;";"
53.417,1;";"
71.601,1;";"
81.668,1;";"
88.937,1;";"
30.2,1;";"
91.558,1;";"
143.02,1;";"
88.495,1;";"
70.3,1;";"
222.23,1;";"
149.13,1;";"
46.669,1;";"
35.449,1;";"
102.25,1;";"
84.504,1;";"
85,1;";"
127.01,1;";"
73.2,1;";"
90,1;";"
104.5,1;";"
57,1;";"
103.31,1;";"
127.85,1;";"
136.76,1;";"
16.8,1;";"
46.092,1;";"
78.576,1;";"
38.267,1;";"
86.904,1;";"
87.535,1;";"
91.273,1;";"
78.765,1;";"
142.22,1;";"
197.38,1;";"
140.34,1;";"
80.395,1;";"
326,1;";"
89,1;";"
75,1;";"
59.015,1;";"
120.71,1;";"
97,1;";"
109.51,1;";"
454.74,1;";"
402.72,1;";"
405.52,1;";"
437.53,1;";"
373.56,1;";"
1593,1;";"
487.11,1;";"
450.29,1;";"
876,1;";"
66.559,1;";"
637.3,1;";"
425.13,1;";"
515.66,1;";"
433.32,1;";"
686.46,1;";"
522.73,1;";"
405.85,1;";"
570.94,1;";"
579.33,1;";"
603.58,1;";"
672.61,1;";"
411.14,1;";"
366.33,1;";"
521.5,1;";"
338.68,1;";"
522.73,1;";"
332.39,1;";"
418.65,1;";"
301.96,1;";"
529.31,1;";"
857.99,1;";"
249.27,1;";"
230.12,1;";"
373.66,1;";"
541.93,1;";"
677.24,1;";"
263.33,1;";"
316.8,1;";"
337.11,1;";"
499.8,1;";"
515.8,1;";"
593.86,1;";"
629.54,1;";"
452.12,1;";"
277.54,1;";"
223.13,1;";"
198.19,1;";"
337.92,1;";"
598.44,1;";"
383.82,1;";"
876,1;";"
876,1;";"
388.58,1;";"
212.5,1;";"
550.37,1;";"
483.59,1;";"
430.46,1;";"
1048.6,1;";"
876,1;";"
277.7,1;";"
279.74,1;";"
876,1;";"
465.09,1;";"
1593,1;";"
481.17,1;";"
396.38,1;";"
876,1;";"
436.73,1;";"
515.97,1;";"
575.97,1;";"
482.03,1;";"
561.14,1;";"
671.99,1;";"
639.07,1;";"
452.96,1;";"
754.72,1;";"
506.58,1;";"
633.35,1;";"
501.82,1;";"
259.54,1;";"
285.33,1;";"
214.99,1;";"
337.35,1;";"
288.95,1;";"
298.52,1;";"
200.48,1;";"
191.3,1;";"
249.99,1;";"
303.08,1;";"
309.07,1;";"
305.53,1;";"
185.22,1;";"
265.4,1;";"
286.71,1;";"
315.58,1;";"
318.64,1;";"
292.08,1;";"
374.07,1;";"
292.68,1;";"
301.12,1;";"
272.12,1;";"
223.15,1;";"
321.36,1;";"
252.57,1;";"
327.34,1;";"
344.32,1;";"
300.05,1;";"
285.85,1;";"
303.65,1;";"
371.48,1;";"
316.04,1;";"
257.56,1;";"
348.41,1;";"
387.85,1;";"
179.83,1;";"
287.98,1;";"
314.97,1;";"
379.78,1;";"
268.46,1;";"
403.24,1;";"
189.47,1;";"
329.3,1;";"
133.25,1;";"
269.65,1;";"
228.76,1;";"
430.95,1;";"
259.77,1;";"
438,1;";"
349.19,1;";"
436.1,1;";"
307.32,1;";"
246.42,1;";"
389.46,1;";"
298.41,1;";"
263.32,1;";"
292.34,1;";"
428.44,1;";"
199.12,1;";"
212.87,1;";"
428.87,1;";"
295.24,1;";"
390.28,1;";"
297.03,1;";"
245.83,1;";"
357.19,1;";"
259.77,1;";"
318.14,1;";"
291.03,1;";"
309.33,1;";"
208.97,1;";"
318.58,1;";"
282.36,1;";"
257.04,1;";"
308.42,1;";"
365.84,1;";"
333.67,1;";"
275.07,1;";"
328.65,1;";"
306.61,1;";"
233.3,1;";"
208.93,1;";"
227.39,1;";"
269.78,1;";"
246.76,1;";"
321.86,1;";"
252.15,1;";"
258.74,1;";"
283.05,1;";"
277.22,1;";"
203.32,1;";"
217.58,1;";"
294.62,1;";"
258.44,1;";"
392.62,1;";"
302.85,1;";"
395.94,1;";"
339.36,1;";"
198.71,1;";"
251.77,1;";"
308.19,1;";"
356.16,1;";"
322.57,1;";"
287.76,1;";"
469.11,1;";"
237.22,1;";"
332.56,1;";"
410.16,1;";"
457.83,1;";"
263.78,1;";"
300.78,1;";"
232.71,1;";"
270.39,1;";"
408.03,1;";"
406.87,1;";"
362.06,1;";"
210.15,1;";"
438,1;";"
375.99,1;";"
261.79,1;";"
259.49,1;";"
304.82,1;";"
232.01,1;";"
277.45,1;";"
309.08,1;";"
268.88,1;";"
489.85,1;";"
356.49,1;";"
290.55,1;";"
308.25,1;";"
284.76,1;";"
305.6,1;";"
234.32,1;";"
253.69,1;";"
299.99,1;";"
279.8,1;";"
248.29,1;";"
440.01,1;";"
180.49,1;";"
267.95,1;";"
389.82,1;";"
205.07,1;";"
319.19,1;";"
373.08,1;";"
230.8,1;";"
338.85,1;";"
323.01,1;";"
238.73,1;";"
412.88,1;";"
409.76,1;";"
211.42,1;";"
462.5,1;";"
300.57,1;";"
283.42,1;";"
344.99,1;";"
307.82,1;";"
213.68,1;";"
416.48,1;";"
267.74,1;";"
202.4,1;";"
247.91,1;";"
319.81,1;";"
315.32,1;";"
289.78,1;";"
326.22,1;";"
283.09,1;";"
310,1;";"
269.88,1;";"
302.15,1;";"
185.37,1;";"
183.22,1;";"
191.41,1;";"
214.16,1;";"
276.49,1;";"
248.25,1;";"
354.84,1;";"
177.63,1;";"
175.65,1;";"
333.51,1;";"
315.17,1;";"
462.17,1;";"
194.64,1;";"
227.16,1;";"
299.7,1;";"
338.82,1;";"
294.95,1;";"
223.95,1;";"
291.79,1;";"
325.46,1;";"
283.38,1;";"
235.31,1;";"
362.59,1;";"
256.13,1;";"
246.11,1;";"
374.48,1;";"
357.14,1;";"
378.83,1;";"
229.66,1;";"
277.52,1;";"
287.55,1;";"
234.31,1;";"
327.85,1;";"
202.57,1;";"
241.74,1;";"
258.31,1;";"
319.62,1;";"
331.47,1;";"
254.23,1;";"
326.75,1;";"
400.52,1;";"
286.91,1;";"
269.78,1;";"
263.33,1;";"
382.34,1;";"
438,1;";"
320.9,1;";"
431.59,1;";"
441.78,1;";"
482.81,1;";"
335.43,1;";"
235.75,1;";"
264.84,1;";"
277.77,1;";"
235.72,1;";"
308.28,1;";"
320.51,1;";"
304.88,1;";"
302.47,1;";"
247.08,1;";"
294.95,1;";"
261.29,1;";"
334.59,1;";"
262.3,1;";"
326.32,1;";"
137.75,1;";"
312.93,1;";"
230.87,1;";"
204.53,1;";"
344.94,1;";"
231.53,1;";"
238.41,1;";"
315.72,1;";"
358.82,1;";"
175.75,1;";"
407.94,1;";"
234.2,1;";"
374.75,1;";"
243.8,1;";"
220.36,1;";"
271.91,1;";"
277.33,1;";"
236.72,1;";"
185.71,1;";"
253.21,1;";"
314.53,1;";"
452.6,1;";"
402.18,1;";"
313.97,1;";"
411.98,1;";"
243.55,1;";"
277.52,1;";"
248.89,1;";"
441.43,1;";"
333.13,1;";"
346.91,1;";"
354.05,1;";"
330.17,1;";"
290.06,1;";"
460.79,1;";"
303.73,1;";"
238.08,1;";"
222.5,1;";"
247.84,1;";"
288.35,1;";"
257.44,1;";"
248.07,1;";"
349.57,1;";"
309.67,1;";"
326.25,1;";"
282.73,1;";"
434.57,1;";"
141.27,1;";"
295.65,1;";"
371.52,1;";"
253.55,1;";"
443.33,1;";"
241.66,1;";"
263.74,1;";"
397.38,1;";"
328.69,1;";"
291.84,1;";"
247.76,1;";"
206.42,1;";"
295.63,1;";"
311.21,1;";"
311.88,1;";"
253.48,1;";"
249,1;";"
356.28,1;";"
305.21,1;";"
348.56,1;";"
175.74,1;";"
357.78,1;";"
336.99,1;";"
237.16,1;";"
393.32,1;";"
438,1;";"
177.33,1;";"
229.9,1;";"
277.24,1;";"
249.48,1;";"
245.65,1;";"
369.37,1;";"
392.45,1;";"
190.52,1;";"
345.36,1;";"
226,1;";"
237.3,1;";"
446.82,1;";"
267.36,1;";"
333.94,1;";"
321.48,1;";"
298.72,1;";"
637.89,1;";"
224.99,1;";"
340.66,1;";"
321.85,1;";"
274.76,1;";"
304.35,1;";"
243.79,1;";"
290.71,1;";"
267.63,1;";"
306.18,1;";"
259.97,1;";"
234.45,1;";"
212.76,1;";"
352.67,1;";"
279.83,1;";"
259,1;";"
278.17,1;";"
348.53,1;";"
265.58,1;";"
419.44,1;";"
438,1;";"
214.38,1;";"
438,1;";"
315.95,1;";"
332.63,1;";"
436.59,1;";"
438,1;";"
438,1;";"
228.85,1;";"
438,1;";"
437.06,1;";"
438,1;";"
232.4,1;";"
268.61,1;";"
303.67,1;";"
438,1;";"
399.44,1;";"
438,1;";"
437.03,1;";"
263.92,1;";"
270.06,1;";"
318.65,1;";"
318.42,1;";"
330.76,1;";"
300.48,1;";"
436.62,1;";"
435.68,1;";"
438,1;";"
438,1;";"
434.56,1;";"
199.83,1;";"
245.14,1;";"
435.42,1;";"
434.59,1;";"
438,1;";"
438,1;";"
267.61,1;";"
242.78,1;";"
434.82,1;";"
317.52,1;";"
438,1;";"
438,1;";"
592.27,1;";"
301.51,1;";"
433.19,1;";"
438,1;";"
438,1;";"
437.15,1;";"
383.8,1;";"
438,1;";"
177.57,1;";"
438,1;";"
305.82,1;";"
202.73,1;";"
337.85,1;";"
262.94,1;";"
211.59,1;";"
360.53,1;";"
358.72,1;";"
254.44,1;";"
236.12,1;";"
438.7,1;";"
210.3,1;";"
279.36,1;";"
289.28,1;";"
402.64,1;";"
204.02,1;";"
328.43,1;";"
331.69,1;";"
418.35,1;";"
244.47,1;";"
400.9,1;";"
241.29,1;";"
579.22,1;";"
